timestamp,X,Y,Speed,Heading,AgentCount,Density,Acc,LevelOfCrowdness,label,label2,Severity_level
0:44:21,0.245,19.1551,0.5717,87.3638,380,3.8,0.0192,3,0,normal,0
0:44:22,0.2651,19.2295,0.5675,88.7976,380,3.8,0.0165,3,0,normal,0
0:44:23,0.2606,19.2616,0.5652,88.9152,377,3.77,0.0187,3,0,normal,0
0:44:24,0.2628,19.2735,0.542,88.1579,376,3.76,-0.0031,3,0,normal,0
0:44:25,0.2574,19.1207,0.5488,88.195,375,3.75,0.0405,3,0,normal,0
0:44:26,0.2496,19.2118,0.5676,88.9276,373,3.73,0.0397,3,0,normal,0
0:44:27,0.2665,19.2976,0.5762,88.1849,370,3.7,0.0283,3,0,normal,0
0:44:28,0.2493,19.3764,0.5658,88.8838,376,3.76,0.0047,3,0,normal,0
0:44:29,0.2634,19.4019,0.5948,88.1564,371,3.71,0.0458,3,0,normal,0
0:44:30,0.2591,19.2835,0.5952,88.4798,363,3.63,0.0323,3,0,normal,0
0:44:31,0.2537,19.1408,0.5905,88.524,358,3.58,0.0295,3,0,normal,0
0:44:32,0.2568,19.1823,0.5781,88.3743,361,3.61,0.0092,3,0,normal,0
0:44:33,0.2809,19.0769,0.5767,88.2776,358,3.58,0.0265,3,0,normal,0
0:44:34,0.2755,19.0447,0.576,89.2136,352,3.52,0.0245,3,0,normal,0
0:44:35,0.2665,19.1,0.56,89.2796,351,3.51,0.0072,3,0,normal,0
0:44:36,0.2621,19.077,0.5668,88.3947,353,3.53,0.0236,3,0,normal,0
0:44:37,0.2741,19.1549,0.5746,88.4903,349,3.49,0.0296,3,0,normal,0
0:44:38,0.2648,19.1801,0.5749,88.5729,352,3.52,0.0183,3,0,normal,0
0:44:39,0.2688,19.0962,0.5691,89.2319,352,3.52,0.0162,3,0,normal,0
0:44:40,0.2707,19.1216,0.5708,89.0036,350,3.5,0.0248,3,0,normal,0
0:44:41,0.2807,19.2602,0.5795,89.1374,348,3.48,0.0257,3,0,normal,0
0:44:42,0.2683,19.2252,0.5817,89.4562,349,3.49,0.0252,3,0,normal,0
0:44:43,0.2635,19.1153,0.5634,89.8762,348,3.48,0.0117,3,0,normal,0
0:44:44,0.2583,19.1069,0.5647,88.6917,347,3.47,0.0191,3,0,normal,0
0:44:45,0.2648,19.109,0.5572,88.2372,343,3.43,0.0147,3,0,normal,0
0:44:46,0.2688,19.2169,0.5678,88.6292,344,3.44,0.0226,3,0,normal,0
0:44:47,0.2656,19.0409,0.5808,89.082,343,3.43,0.0397,3,0,normal,0
0:44:48,0.2643,19.0111,0.5819,89.22,343,3.43,0.0265,3,0,normal,0
0:44:49,0.2543,19.0302,0.5793,88.3237,341,3.41,0.0225,3,0,normal,0
0:44:50,0.2679,19.1251,0.5752,88.2539,343,3.43,0.0148,3,0,normal,0
0:44:51,0.2584,19.1986,0.5925,89.0871,344,3.44,0.0333,3,0,normal,0
0:44:52,0.2589,19.3294,0.5823,89.1102,345,3.45,0.0056,3,0,normal,0
0:44:53,0.2591,19.3918,0.5644,88.6493,346,3.46,-0.0024,3,0,normal,0
0:44:54,0.2691,19.5,0.5612,88.2677,347,3.47,0.0113,3,0,normal,0
0:44:55,0.267,19.5179,0.5529,88.9736,349,3.49,0.0095,3,0,normal,0
0:44:56,0.2555,19.522,0.5691,89.1961,345,3.45,0.0392,3,0,normal,0
0:44:57,0.2641,19.5098,0.5827,88.8759,347,3.47,0.0337,3,0,normal,0
0:44:58,0.2795,19.5592,0.5832,88.5627,349,3.49,0.0181,3,0,normal,0
0:44:59,0.275,19.6264,0.5981,89.0639,346,3.46,0.0329,3,0,normal,0
0:45:00,0.2791,19.6551,0.6067,89.1126,345,3.45,0.029,3,0,normal,0
0:45:01,0.2705,19.7356,0.609,89.7387,342,3.42,0.0153,3,0,normal,0
0:45:02,0.2782,19.6915,0.5912,88.5823,341,3.41,0.0059,3,0,normal,0
0:45:03,0.2651,19.6851,0.5942,88.7046,343,3.43,0.0175,3,0,normal,0
0:45:04,0.2636,19.752,0.599,89.1106,342,3.42,0.0232,3,0,normal,0
0:45:05,0.2588,19.6643,0.6194,88.8442,341,3.41,0.04,3,0,normal,0
0:45:06,0.2595,19.7076,0.6003,88.5301,339,3.39,-0.0008,3,0,normal,0
0:45:07,0.2682,19.687,0.5828,87.6812,339,3.39,0.0012,3,0,normal,0
0:45:08,0.2743,19.6978,0.5923,87.9332,342,3.42,0.025,3,0,normal,0
0:45:09,0.2734,19.6468,0.612,88.5131,346,3.46,0.0355,3,0,normal,0
0:45:10,0.2642,19.6378,0.6122,88.6358,342,3.42,0.0201,3,0,normal,0
0:45:11,0.2705,19.6853,0.6211,89.5437,338,3.38,0.0264,3,0,normal,0
0:45:12,0.2644,19.5802,0.6093,89.4009,335,3.35,0.0154,3,0,normal,0
0:45:13,0.2737,19.5553,0.5975,89.0616,335,3.35,0.0122,3,0,normal,0
0:45:14,0.2697,19.5641,0.6124,88.4557,334,3.34,0.0297,3,0,normal,0
0:45:15,0.2766,19.659,0.607,88.7498,332,3.32,-0.326,3,0,normal,0
0:45:16,0.2702,19.6208,0.5888,88.6751,332,3.32,-0.0134,3,0,normal,0
0:45:17,0.2783,19.6502,0.6027,89.0991,334,3.34,0.0184,3,0,normal,0
0:45:18,0.2713,19.5852,0.6115,89.4201,329,3.29,0.0155,3,0,normal,0
0:45:19,0.2793,19.5807,0.6056,88.7776,326,3.26,-0.0014,3,0,normal,0
0:45:20,0.2764,19.6404,0.6122,88.2673,325,3.25,0.0102,3,0,normal,0
0:45:21,0.2832,19.6167,0.6133,88.2684,327,3.27,-0.005,3,0,normal,0
0:45:22,0.2872,19.6148,0.6091,89.2565,326,3.26,0.0025,3,0,normal,0
0:45:23,0.2629,19.482,0.6084,89.3273,323,3.23,0.0091,3,0,normal,0
0:45:24,0.2524,19.567,0.6145,89.0343,323,3.23,0.0128,3,0,normal,0
0:45:25,0.251,19.4323,0.6057,88.7137,320,3.2,0.1062,3,0,normal,0
0:45:26,0.2754,19.5909,0.6052,88.7687,322,3.22,0.011,3,0,normal,0
0:45:27,0.2728,19.7156,0.6049,89.3211,325,3.25,0.0129,3,0,normal,0
0:45:28,0.2705,19.7517,0.6198,88.5738,327,3.27,0.0242,3,0,normal,0
0:45:29,0.2757,19.7395,0.6075,88.8765,331,3.31,0.0061,3,0,normal,0
0:45:30,0.2699,19.8572,0.6003,88.8017,330,3.3,0.0,3,0,normal,0
0:45:31,0.2786,19.9501,0.6206,89.0236,328,3.28,0.0275,3,0,normal,0
0:45:32,0.2826,19.9812,0.6226,88.7612,333,3.33,0.0113,3,0,normal,0
0:45:33,0.2789,19.8991,0.6105,88.5424,331,3.31,0.0046,3,0,normal,0
0:45:34,0.2595,19.9912,0.6025,88.9922,331,3.31,0.0017,3,0,normal,0
0:45:35,0.2652,19.9551,0.6162,87.8987,331,3.31,0.0304,3,0,normal,0
0:45:36,0.2747,20.0843,0.6381,88.695,328,3.28,0.037,3,0,normal,0
0:45:37,0.2645,19.9514,0.6218,88.2971,326,3.26,0.0081,3,0,normal,0
0:45:38,0.2937,20.1305,0.6357,88.6913,332,3.32,0.0178,3,0,normal,0
0:45:39,0.2759,20.0568,0.6335,88.8986,328,3.28,0.0065,3,0,normal,0
0:45:40,0.2868,19.9846,0.6136,89.2608,321,3.21,0.0001,3,0,normal,0
0:45:41,0.2858,19.9753,0.6088,90.1342,322,3.22,0.0118,3,0,normal,0
0:45:42,0.2816,19.9431,0.6182,89.8217,322,3.22,0.0222,3,0,normal,0
0:45:43,0.3033,19.9181,0.6204,88.8567,317,3.17,0.0167,3,0,normal,0
0:45:44,0.3215,19.8687,0.6196,89.5039,315,3.15,0.0227,3,0,normal,0
0:45:45,0.3082,19.7908,0.6109,90.1295,316,3.16,0.0014,3,0,normal,0
0:45:46,0.3041,19.8881,0.6099,90.2456,315,3.15,0.0099,3,0,normal,0
0:45:47,0.2868,19.8779,0.6431,90.0922,314,3.14,0.043,3,0,normal,0
0:45:48,0.2895,19.9468,0.6522,89.8826,313,3.13,0.0237,3,0,normal,0
0:45:49,0.2851,19.8835,0.641,88.9553,310,3.1,0.0015,3,0,normal,0
0:45:50,0.2898,19.9643,0.6231,88.9449,308,3.08,-0.0049,3,0,normal,0
0:45:51,0.2939,19.9815,0.6443,88.935,310,3.1,0.0305,3,0,normal,0
0:45:52,0.2792,20.0161,0.6368,89.0295,310,3.1,0.0067,3,0,normal,0
0:45:53,0.2911,20.0558,0.641,88.8087,312,3.12,0.0039,3,0,normal,0
0:45:54,0.2819,20.149,0.6456,88.8623,312,3.12,0.0084,3,0,normal,0
0:45:55,0.2828,20.2205,0.6594,88.4465,309,3.09,0.0206,3,0,normal,0
0:45:56,0.2973,20.1839,0.638,89.4422,307,3.07,0.0187,3,0,normal,0
0:45:57,0.273,20.1797,0.65,89.8151,306,3.06,0.0173,3,0,normal,0
0:45:58,0.2691,20.2127,0.6498,88.5308,306,3.06,0.0076,3,0,normal,0
0:45:59,0.2764,20.0829,0.6638,88.7647,303,3.03,0.011,3,0,normal,0
0:46:00,0.2769,20.0475,0.6585,89.0074,301,3.01,0.0035,3,0,normal,0
0:46:01,0.2693,20.0616,0.6449,88.5435,301,3.01,-0.0086,3,0,normal,0
0:46:02,0.2768,20.0786,0.6456,88.657,301,3.01,0.003,3,0,normal,0
0:46:03,0.2786,20.2002,0.661,89.255,300,3.0,0.0114,3,0,normal,0
0:46:04,0.2635,20.3062,0.6476,89.0112,304,3.04,-0.0156,3,0,normal,0
0:46:05,0.263,20.2915,0.6536,89.0611,303,3.03,0.0022,3,0,normal,0
0:46:06,0.279,20.2929,0.6735,88.8937,298,2.98,0.0273,3,0,normal,0
0:46:07,0.2743,20.202,0.6796,88.8385,298,2.98,0.0067,3,0,normal,0
0:46:08,0.2783,20.3505,0.6852,89.2785,299,2.99,0.0022,3,0,normal,0
0:46:09,0.282,20.3139,0.6683,88.6664,295,2.95,-0.0115,3,0,normal,0
0:46:10,0.2798,20.2324,0.6789,89.8136,292,2.92,0.0103,3,0,normal,0
0:46:11,0.2744,20.1893,0.6885,90.1943,290,2.9,0.0078,3,0,normal,0
0:46:12,0.2528,20.1196,0.695,89.0967,289,2.89,0.0133,3,0,normal,0
0:46:13,0.2649,20.2938,0.6953,88.4927,289,2.89,0.003,3,0,normal,0
0:46:14,0.2611,20.1541,0.6876,88.624,288,2.88,-0.0108,3,0,normal,0
0:46:15,0.2759,20.2129,0.6921,87.6075,287,2.87,0.009,3,0,normal,0
0:46:16,0.2893,20.1724,0.6986,88.2007,285,2.85,0.0071,3,0,normal,0
0:46:17,0.2833,20.1542,0.6902,88.9019,282,2.82,0.0035,3,0,normal,0
0:46:18,0.2904,20.2763,0.677,88.7789,283,2.83,-0.0096,3,0,normal,0
0:46:19,0.2891,20.3423,0.6916,88.6489,288,2.88,0.0051,3,0,normal,0
0:46:20,0.2991,20.5154,0.7039,88.9174,284,2.84,0.0136,3,0,normal,0
0:46:21,0.2922,20.5739,0.6861,89.4572,283,2.83,-0.0201,3,0,normal,0
0:46:22,0.2892,20.4169,0.68,89.6097,280,2.8,-0.0054,3,0,normal,0
0:46:23,0.2971,20.5023,0.6888,89.201,284,2.84,-0.0008,3,0,normal,0
0:46:24,0.3085,20.4775,0.6844,89.4369,277,2.77,,3,0,normal,0
0:46:25,0.3037,20.4888,0.694,90.0297,281,2.81,0.0191,3,0,normal,0
0:46:26,0.3134,20.5493,0.7123,89.3801,280,2.8,0.0265,3,0,normal,0
0:46:27,0.3259,20.5749,0.7101,88.9504,278,2.78,0.0085,3,0,normal,0
0:46:28,0.3123,20.5186,0.72,90.3443,274,2.74,0.0204,3,0,normal,0
0:46:29,0.2944,20.4094,0.7277,90.0568,272,2.72,0.0223,3,0,normal,0
0:46:30,0.301,20.5382,0.718,88.8459,271,2.71,-0.0069,3,0,normal,0
0:46:31,0.31,20.6164,0.7097,88.4528,271,2.71,0.0002,3,0,normal,0
0:46:32,0.2984,20.5567,0.7162,88.3586,271,2.71,0.0187,3,0,normal,0
0:46:33,0.3192,20.5397,0.7249,88.3512,268,2.68,0.0165,3,0,normal,0
0:46:34,0.3227,20.5581,0.7183,89.3064,270,2.7,-0.0034,3,0,normal,0
0:46:35,0.3116,20.5614,0.7071,90.0959,268,2.68,-0.0022,3,0,normal,0
0:46:36,0.3148,20.7661,0.7373,89.1711,269,2.69,0.035,3,0,normal,0
0:46:37,0.3229,20.8184,0.7513,89.0248,271,2.71,0.0103,3,0,normal,0
0:46:38,0.3235,20.9902,0.7762,89.6684,274,2.74,0.0261,3,0,normal,0
0:46:39,0.3201,20.9209,0.7793,89.6916,270,2.7,0.013,3,0,normal,0
0:46:40,0.308,20.8039,0.777,89.9478,265,2.65,0.0116,3,0,normal,0
0:46:41,0.3136,20.8578,0.7711,88.1354,263,2.63,0.0001,3,0,normal,0
0:46:42,0.3415,20.9098,0.7805,87.403,259,2.59,0.0167,3,0,normal,0
0:46:43,0.3306,20.9178,0.7884,88.8009,260,2.6,0.0174,3,0,normal,0
0:46:44,0.3385,20.9354,0.7862,89.6993,253,2.53,0.006,3,0,normal,0
0:46:45,0.3439,20.9665,0.7776,89.2997,249,2.49,-0.0009,3,0,normal,0
0:46:46,0.3306,20.9828,0.7891,89.5106,249,2.49,0.0178,3,0,normal,0
0:46:47,0.3288,21.0203,0.7988,89.5841,243,2.43,0.019,3,0,normal,0
0:46:48,0.3286,21.057,0.8198,88.9211,245,2.45,0.0178,3,0,normal,0
0:46:49,0.3264,21.1399,0.8078,89.3204,242,2.42,-0.0013,3,0,normal,0
0:46:50,0.3247,21.2578,0.8079,89.0019,242,2.42,0.0039,3,0,normal,0
0:46:51,0.3355,21.3503,0.8255,89.6667,241,2.41,0.0182,3,0,normal,0
0:46:52,0.3249,21.3476,0.8143,89.4833,242,2.42,-0.0092,3,0,normal,0
0:46:53,0.3258,21.4367,0.8112,89.6236,239,2.39,-0.0027,3,0,normal,0
0:46:54,0.3452,21.5841,0.8335,89.9223,244,2.44,0.0218,3,0,normal,0
0:46:55,0.3388,21.6671,0.8736,89.4354,242,2.42,0.0427,3,0,normal,0
0:46:56,0.3345,21.5697,0.8701,89.4649,235,2.35,0.0027,3,0,normal,0
0:46:57,0.3363,21.4882,0.8916,89.8216,231,2.31,0.0278,3,0,normal,0
0:46:58,0.3408,21.4444,0.8939,89.3184,226,2.26,-0.1115,3,0,normal,0
0:46:59,0.3456,21.5935,0.9104,89.1698,226,2.26,0.0091,3,0,normal,0
0:47:00,0.3664,21.5381,0.9151,89.7627,223,2.23,-0.0003,3,0,normal,0
0:47:01,0.345,21.6144,0.922,89.6941,219,2.19,0.0086,3,0,normal,0
0:47:02,0.3403,21.6621,0.9065,89.0907,217,2.17,-0.0097,3,0,normal,0
0:47:03,0.3538,21.6273,0.9148,89.482,211,2.11,0.0074,3,0,normal,0
0:47:04,0.3505,21.6213,0.9513,89.2536,208,2.08,0.0365,3,0,normal,0
0:47:05,0.3719,21.5403,0.9641,89.3646,199,1.99,0.0205,2,0,normal,0
0:47:06,0.3654,21.3541,0.9599,89.1249,197,1.97,0.0022,2,0,normal,0
0:47:07,0.3675,21.3002,0.957,89.2582,192,1.92,0.0032,2,0,normal,0
0:47:08,0.361,21.1311,0.9999,89.6935,191,1.91,0.0958,2,0,normal,0
0:47:09,0.3566,21.0697,0.9843,89.6041,184,1.84,0.0007,2,0,normal,0
0:47:10,0.3624,21.0664,0.9682,89.326,183,1.83,-0.0013,2,0,normal,0
0:47:11,0.3377,21.0063,0.9913,89.6546,181,1.81,0.0286,2,0,normal,0
0:47:12,0.3283,20.9528,0.9923,89.496,175,1.75,0.0141,1,0,normal,0
0:47:13,0.3171,20.8778,0.989,88.9428,173,1.73,0.0144,1,0,normal,0
0:47:14,0.3277,20.8551,0.9872,88.8547,174,1.74,0.0019,1,0,normal,0
0:47:15,0.3107,20.8793,0.9719,89.4185,176,1.76,-0.0118,1,0,normal,0
0:47:16,0.355,20.9609,0.9926,88.7684,175,1.75,0.0152,1,0,normal,0
0:47:17,0.3561,20.7067,0.9944,89.096,172,1.72,0.0074,1,0,normal,0
0:47:18,0.3553,20.7099,0.9947,89.7409,168,1.68,0.0188,1,0,normal,0
0:47:19,0.3447,20.6658,1.0141,89.3482,167,1.67,0.0361,1,0,normal,0
0:47:20,0.3495,20.5255,1.0356,89.3584,168,1.68,0.0291,1,0,normal,0
0:47:21,0.3165,20.5635,1.0238,89.155,170,1.7,-0.0076,1,0,normal,0
0:47:22,0.3462,20.5327,1.0177,88.4266,169,1.69,0.0052,1,0,normal,0
0:47:23,0.3457,20.5095,1.0231,88.3596,170,1.7,0.0117,1,0,normal,0
0:47:24,0.3516,20.5886,1.0115,88.9623,169,1.69,0.0011,1,0,normal,0
0:47:25,0.3521,20.7234,1.0076,89.6245,167,1.67,0.004,1,0,normal,0
0:47:26,0.3546,20.735,1.014,89.6733,167,1.67,0.0083,1,0,normal,0
0:47:27,0.3826,20.8101,1.01,89.5175,164,1.64,0.0122,1,0,normal,0
0:47:28,0.349,20.695,1.012,89.282,168,1.68,0.0073,1,0,normal,0
0:47:29,0.3306,20.707,1.0121,90.0651,166,1.66,0.0065,1,0,normal,0
0:47:30,0.3269,20.8368,1.0201,89.9392,166,1.66,0.0162,1,0,normal,0
0:47:31,0.3326,20.6743,1.0133,88.9358,165,1.65,-0.0375,1,0,normal,0
0:47:32,0.336,20.6871,1.0236,88.3867,165,1.65,0.004,1,0,normal,0
0:47:33,0.3406,20.6994,1.0331,88.5421,165,1.65,0.0061,1,0,normal,0
0:47:34,0.3559,20.5385,1.0391,88.5838,164,1.64,-0.0036,1,0,normal,0
0:47:35,0.3506,20.4899,1.0355,89.2067,165,1.65,-0.0111,1,0,normal,0
0:47:36,0.3575,20.4262,1.0322,89.295,160,1.6,0.004,1,0,normal,0
0:47:37,0.3589,20.5359,1.0357,89.8336,160,1.6,0.0057,1,0,normal,0
0:47:38,0.3409,20.4622,1.0358,89.296,159,1.59,0.0044,1,0,normal,0
0:47:39,0.35,20.4044,1.049,89.0002,160,1.6,0.0102,1,0,normal,0
0:47:40,0.353,20.5951,1.0399,89.2379,159,1.59,-0.0062,1,0,normal,0
0:47:41,0.3646,20.7144,1.025,88.6363,159,1.59,-0.0033,1,0,normal,0
0:47:42,0.3598,20.942,1.0257,88.9035,161,1.61,0.0015,1,0,normal,0
0:47:43,0.3416,20.7509,1.0304,89.0281,160,1.6,0.0131,1,0,normal,0
0:47:44,0.339,20.9174,1.0358,88.9498,163,1.63,0.0081,1,0,normal,0
0:47:45,0.3413,20.9724,1.0276,88.9769,160,1.6,0.0026,1,0,normal,0
0:47:46,0.3346,20.8937,1.0244,89.2689,161,1.61,-0.0604,1,0,normal,0
0:47:47,0.3504,20.8679,1.0141,89.7942,161,1.61,-0.0085,1,0,normal,0
0:47:48,0.3413,20.7225,1.0299,89.5959,161,1.61,0.0094,1,0,normal,0
0:47:49,0.3242,20.7118,1.0319,89.0841,159,1.59,-0.0018,1,0,normal,0
0:47:50,0.3486,20.6785,1.0258,88.8667,155,1.55,-0.0023,1,0,normal,0
0:47:51,0.3272,20.5066,1.0337,89.2243,157,1.57,0.0096,1,0,normal,0
0:47:52,0.331,20.5223,1.0421,88.8842,154,1.54,0.0105,1,0,normal,0
0:47:53,0.3398,20.2895,1.0487,87.9677,153,1.53,0.0054,1,0,normal,0
0:47:54,0.3537,20.4444,1.0479,88.5057,152,1.52,-0.0025,1,0,normal,0
0:47:55,0.3679,20.3355,1.0417,88.5356,153,1.53,-0.0106,1,0,normal,0
0:47:56,0.3538,20.3571,1.0435,89.3341,154,1.54,0.0062,1,0,normal,0
0:47:57,0.3686,20.4611,1.0537,89.5338,154,1.54,0.0094,1,0,normal,0
0:47:58,0.3502,20.7536,1.0467,89.125,155,1.55,-0.0083,1,0,normal,0
0:47:59,0.3439,20.6648,1.0371,89.3905,156,1.56,-0.0082,1,0,normal,0
0:48:00,0.3557,20.709,1.055,89.8194,157,1.57,,1,0,normal,0
0:48:01,0.3461,20.6399,1.0707,89.2856,156,1.56,0.025,1,0,normal,0
0:48:02,0.3399,20.9449,1.0494,88.068,153,1.53,-0.007,1,0,normal,0
0:48:03,0.3702,20.8465,1.0382,88.288,154,1.54,-0.0051,1,0,normal,0
0:48:04,0.3675,20.9893,1.0364,89.2299,155,1.55,0.0043,1,0,normal,0
0:48:05,0.3849,20.8102,1.0282,90.4687,153,1.53,0.008,1,0,normal,0
0:48:06,0.3516,20.821,1.0441,90.2036,154,1.54,0.0151,1,0,normal,0
0:48:07,0.3578,20.6981,1.0289,89.6533,151,1.51,-0.0015,1,0,normal,0
0:48:08,0.3436,20.5517,1.0243,88.5094,150,1.5,0.0139,1,0,normal,0
0:48:09,0.3558,20.4787,1.0356,88.7601,152,1.52,0.0234,1,0,normal,0
0:48:10,0.3626,20.4035,1.0312,89.1997,150,1.5,0.004,1,0,normal,0
0:48:11,0.3744,20.523,1.0146,89.4053,149,1.49,-0.0046,1,0,normal,0
0:48:12,0.3525,20.4962,1.0133,89.3167,150,1.5,-0.0014,1,0,normal,0
0:48:13,0.3537,20.4015,1.0099,89.1191,150,1.5,0.0029,1,0,normal,0
0:48:14,0.3589,20.3636,0.9948,89.2554,153,1.53,-0.0104,1,0,normal,0
0:48:15,0.3839,20.4424,0.9836,89.6232,150,1.5,0.0024,1,0,normal,0
0:48:16,0.3906,20.4508,0.9911,90.0543,150,1.5,0.0267,1,0,normal,0
0:48:17,0.3691,20.3409,1.0153,90.6156,148,1.48,0.0311,1,0,normal,0
0:48:18,0.3414,20.245,1.0014,90.3661,152,1.52,0.0023,1,0,normal,0
0:48:19,0.326,20.4055,0.9978,89.691,150,1.5,0.0003,1,0,normal,0
0:48:20,0.3371,20.4408,0.9848,88.8951,154,1.54,-0.0108,1,0,normal,0
0:48:21,0.3688,20.339,0.9799,89.3289,156,1.56,-0.1504,1,0,normal,0
0:48:22,0.3698,20.4273,0.9968,90.1044,153,1.53,0.0223,1,0,normal,0
0:48:23,0.3593,20.343,1.005,89.6121,155,1.55,0.0205,1,0,normal,0
0:48:24,0.3608,20.3246,1.0155,89.4249,152,1.52,0.0103,1,0,normal,0
0:48:25,0.3287,20.1644,1.0067,88.6559,151,1.51,0.0073,1,0,normal,0
0:48:26,0.3388,20.0425,0.9885,88.7327,149,1.49,-0.0006,1,0,normal,0
0:48:27,0.3569,19.8785,0.9923,88.9805,152,1.52,0.0122,1,0,normal,0
0:48:28,0.342,19.8465,0.9794,88.5984,153,1.53,0.0004,1,0,normal,0
0:48:29,0.3448,19.9516,0.9726,89.3842,156,1.56,0.0041,1,0,normal,0
0:48:30,0.3455,19.9452,0.9806,89.7675,159,1.59,0.0163,1,0,normal,0
0:48:31,0.334,20.1282,0.9976,89.8671,157,1.57,0.0217,1,0,normal,0
0:48:32,0.3391,20.2051,0.9816,89.5881,159,1.59,-0.001,1,0,normal,0
0:48:33,0.3606,20.4614,0.9774,89.1359,162,1.62,0.0037,1,0,normal,0
0:48:34,0.3701,20.4817,0.9685,89.3832,163,1.63,-0.002,1,0,normal,0
0:48:35,0.3666,20.5549,0.9629,89.8206,167,1.67,-0.0056,1,0,normal,0
0:48:36,0.3658,20.5641,0.9623,89.7918,166,1.66,0.0065,1,0,normal,0
0:48:37,0.3572,20.5864,0.9672,89.1809,165,1.65,0.0129,1,0,normal,0
0:48:38,0.374,20.5588,0.9736,88.874,165,1.65,0.011,1,0,normal,0
0:48:39,0.3767,20.5958,0.9751,89.1172,168,1.68,0.0082,1,0,normal,0
0:48:40,0.3467,20.7592,0.9823,90.028,169,1.69,0.0135,1,0,normal,0
0:48:41,0.3446,20.8162,0.9705,89.3282,168,1.68,-0.1796,1,0,normal,0
0:48:42,0.347,20.9818,0.9838,89.7269,171,1.71,0.0013,1,0,normal,0
0:48:43,0.3381,20.927,0.9901,90.0211,170,1.7,-0.0058,1,0,normal,0
0:48:44,0.3262,20.8118,0.9905,89.4804,166,1.66,0.0074,1,0,normal,0
0:48:45,0.3457,20.9283,0.9965,89.4719,166,1.66,-0.007,1,0,normal,0
0:48:46,0.3409,21.0412,1.0027,89.3985,166,1.66,0.0037,1,0,normal,0
0:48:47,0.318,20.9864,1.0179,89.3594,165,1.65,,1,0,normal,0
0:48:48,0.3346,20.9239,1.0193,88.9357,164,1.64,0.0062,1,0,normal,0
0:48:49,0.3534,20.9931,1.0242,88.3884,163,1.63,0.0088,1,0,normal,0
0:48:50,0.3576,21.41,1.0178,88.5897,164,1.64,-0.006,1,0,normal,0
0:48:51,0.3677,21.066,1.0386,89.4488,160,1.6,0.0128,1,0,normal,0
0:48:52,0.3624,21.0682,1.053,89.1061,158,1.58,0.0199,1,0,normal,0
0:48:53,0.3506,21.0721,1.0564,89.3409,156,1.56,0.0137,1,0,normal,0
0:48:54,0.3538,20.9995,1.0505,89.4169,155,1.55,0.0005,1,0,normal,0
0:48:55,0.3466,20.9641,1.0345,89.1201,157,1.57,-0.012,1,0,normal,0
0:48:56,0.3475,20.9217,1.0278,89.5336,153,1.53,-0.0033,1,0,normal,0
0:48:57,0.3649,21.0552,1.0308,89.2708,154,1.54,0.0152,1,0,normal,0
0:48:58,0.3381,21.0727,1.0484,89.0426,153,1.53,0.023,1,0,normal,0
0:48:59,0.3295,20.8221,1.0409,88.9842,150,1.5,0.009,1,0,normal,0
0:49:00,0.3447,20.8696,1.0317,89.6453,148,1.48,0.0058,1,0,normal,0
0:49:01,0.3449,20.6359,1.0302,89.8874,146,1.46,0.0147,1,0,normal,0
0:49:02,0.3398,20.5896,1.0395,89.8263,145,1.45,0.0117,1,0,normal,0
0:49:03,0.326,20.3866,1.0215,89.9424,144,1.44,0.0005,1,0,normal,0
0:49:04,0.3362,20.3199,1.0387,89.533,143,1.43,0.0301,1,0,normal,0
0:49:05,0.3172,20.2581,1.0402,88.61,144,1.44,0.0084,1,0,normal,0
0:49:06,0.3449,20.2543,1.0286,88.918,144,1.44,-0.0048,1,0,normal,0
0:49:07,0.3525,20.2476,1.0126,89.7233,144,1.44,-0.0016,1,0,normal,0
0:49:08,0.3665,20.3261,1.0041,89.942,147,1.47,-0.0045,1,0,normal,0
0:49:09,0.3474,20.4484,0.9984,89.5747,145,1.45,-0.0005,1,0,normal,0
0:49:10,0.3235,20.2555,0.9959,89.635,146,1.46,0.0067,1,0,normal,0
0:49:11,0.3263,20.6143,1.0131,89.4911,151,1.51,0.0116,1,0,normal,0
0:49:12,0.322,20.4503,1.0066,89.7896,148,1.48,0.0047,1,0,normal,0
0:49:13,0.3224,20.4145,1.0199,89.6271,149,1.49,0.012,1,0,normal,0
0:49:14,0.3243,20.3759,1.0096,89.8364,148,1.48,0.0011,1,0,normal,0
0:49:15,0.3294,20.408,1.0079,88.8642,150,1.5,-0.0014,1,0,normal,0
0:49:16,0.3479,20.3203,1.009,89.0076,150,1.5,0.0075,1,0,normal,0
0:49:17,0.3192,20.4387,1.0254,88.2058,151,1.51,0.0164,1,0,normal,0
0:49:18,0.3397,20.5566,1.0346,88.4218,150,1.5,0.0156,1,0,normal,0
0:49:19,0.3358,20.4161,1.0288,89.2887,151,1.51,0.005,1,0,normal,0
0:49:20,0.3325,20.5331,1.0174,90.0014,152,1.52,0.0026,1,0,normal,0
0:49:21,0.3483,20.7176,1.0105,88.9619,152,1.52,0.003,1,0,normal,0
0:49:22,0.3324,20.7118,1.0183,88.0407,151,1.51,0.0082,1,0,normal,0
0:49:23,0.3461,20.757,1.0199,88.786,153,1.53,0.0074,1,0,normal,0
0:49:24,0.319,20.6776,1.0017,89.0145,153,1.53,-0.0333,1,0,normal,0
0:49:25,0.3388,20.98,1.0022,89.2162,155,1.55,0.0007,1,0,normal,0
0:49:26,0.3184,21.1104,1.0193,90.1272,152,1.52,0.0209,1,0,normal,0
0:49:27,0.305,20.8353,1.0056,89.8921,153,1.53,0.0026,1,0,normal,0
0:49:28,0.3171,20.8805,1.0097,88.8654,153,1.53,0.0147,1,0,normal,0
0:49:29,0.3256,20.6713,1.018,88.5739,153,1.53,-0.1016,1,0,normal,0
0:49:30,0.3308,20.5812,1.0142,89.0899,151,1.51,0.0061,1,0,normal,0
0:49:31,0.3147,20.4692,1.0029,89.3581,151,1.51,-0.0547,1,0,normal,0
0:49:32,0.3305,20.284,0.9883,89.0052,148,1.48,-0.0072,1,0,normal,0
0:49:33,0.3316,20.2277,1.0111,89.0736,147,1.47,0.0226,1,0,normal,0
0:49:34,0.3327,20.291,0.9976,88.8859,144,1.44,0.0035,1,0,normal,0
0:49:35,0.3204,20.2666,0.9945,88.9406,144,1.44,0.0126,1,0,normal,0
0:49:36,0.337,20.1251,0.9973,89.076,146,1.46,0.018,1,0,normal,0
0:49:37,0.3345,20.1857,0.9939,89.158,147,1.47,0.006,1,0,normal,0
0:49:38,0.3224,19.9853,0.9815,89.2014,148,1.48,0.0003,1,0,normal,0
0:49:39,0.3354,20.1435,0.9885,89.1849,152,1.52,0.0078,1,0,normal,0
0:49:40,0.3344,20.3667,0.9892,89.1588,153,1.53,0.0024,1,0,normal,0
0:49:41,0.3354,20.2562,0.9742,89.2269,151,1.51,-0.0039,1,0,normal,0
0:49:42,0.3418,20.35,0.9815,89.2801,154,1.54,0.0106,1,0,normal,0
0:49:43,0.3158,20.3167,0.9908,89.5375,153,1.53,0.011,1,0,normal,0
0:49:44,0.3362,20.3569,1.0015,88.8191,153,1.53,-0.1518,1,0,normal,0
0:49:45,0.3347,20.4036,0.9951,89.5667,153,1.53,0.0032,1,0,normal,0
0:49:46,0.3256,20.396,0.9915,88.4552,156,1.56,0.0069,1,0,normal,0
0:49:47,0.3473,20.654,1.0151,88.3018,155,1.55,0.0305,1,0,normal,0
0:49:48,0.3592,20.854,1.0091,90.0078,157,1.57,0.0065,1,0,normal,0
0:49:49,0.3506,20.7419,1.0018,89.9967,156,1.56,-0.0001,1,0,normal,0
0:49:50,0.3481,20.9367,0.9992,88.9128,158,1.58,0.0041,1,0,normal,0
0:49:51,0.3625,21.0783,1.0132,88.9348,157,1.57,0.0121,1,0,normal,0
0:49:52,0.3479,21.0871,1.0107,89.3575,154,1.54,0.0,1,0,normal,0
0:49:53,0.3483,21.0121,1.0056,89.8511,154,1.54,0.0028,1,0,normal,0
0:49:54,0.3426,21.0002,1.024,89.5137,153,1.53,0.025,1,0,normal,0
0:49:55,0.3502,20.6663,1.0122,89.5433,151,1.51,-0.0004,1,0,normal,0
0:49:56,0.3402,20.5549,0.9941,89.1293,151,1.51,-0.0043,1,0,normal,0
0:49:57,0.349,20.5701,0.997,89.7025,147,1.47,0.0152,1,0,normal,0
0:49:58,0.3535,20.5216,1.0066,89.6361,148,1.48,0.0262,1,0,normal,0
0:49:59,0.3583,20.4099,0.9939,89.256,148,1.48,-0.0001,1,0,normal,0
0:50:00,0.3648,20.4948,1.0039,89.5109,149,1.49,,1,0,normal,0
0:50:01,0.3575,20.6076,1.0043,89.6809,152,1.52,0.0053,1,0,normal,0
0:50:02,0.3803,20.7854,1.0033,89.2576,152,1.52,0.0049,1,0,normal,0
0:50:03,0.3649,20.825,1.0044,89.3652,154,1.54,0.0087,1,0,normal,0
0:50:04,0.3519,20.6745,1.0179,90.1033,153,1.53,0.0238,1,0,normal,0
0:50:05,0.3412,20.5756,1.0063,89.8012,149,1.49,0.0069,1,0,normal,0
0:50:06,0.3855,20.5365,1.0046,88.6467,152,1.52,0.0054,1,0,normal,0
0:50:07,0.3638,20.5767,1.0124,88.9714,150,1.5,0.0109,1,0,normal,0
0:50:08,0.3543,20.5531,1.0138,89.71,151,1.51,0.008,1,0,normal,0
0:50:09,0.349,20.3944,1.0172,89.2044,150,1.5,0.0127,1,0,normal,0
0:50:10,0.3343,20.3675,1.0138,89.3168,151,1.51,0.0061,1,0,normal,0
0:50:11,0.3455,20.2504,1.0021,89.1917,147,1.47,-0.0026,1,0,normal,0
0:50:12,0.3405,20.1257,1.0033,89.2244,147,1.47,0.0073,1,0,normal,0
0:50:13,0.3459,20.202,0.9883,88.8345,148,1.48,-0.1686,1,0,normal,0
0:50:14,0.3564,20.1433,0.9879,89.2766,149,1.49,-0.0033,1,0,normal,0
0:50:15,0.3578,20.2836,0.9895,89.1984,149,1.49,0.0052,1,0,normal,0
0:50:16,0.3382,20.3666,0.9915,89.4626,150,1.5,0.0226,1,0,normal,0
0:50:17,0.3523,20.4043,0.9981,89.2549,152,1.52,0.0173,1,0,normal,0
0:50:18,0.3369,20.7262,1.0048,89.3833,154,1.54,-0.0028,1,0,normal,0
0:50:19,0.3679,20.8486,0.9998,89.1415,155,1.55,-0.0049,1,0,normal,0
0:50:20,0.3469,20.8395,1.0065,88.7123,152,1.52,0.0084,1,0,normal,0
0:50:21,0.3584,20.8194,1.0134,89.3319,151,1.51,0.0108,1,0,normal,0
0:50:22,0.3473,20.9244,1.0111,88.9986,152,1.52,-0.0002,1,0,normal,0
0:50:23,0.3645,20.8401,1.0006,88.5398,150,1.5,-0.0077,1,0,normal,0
0:50:24,0.3561,20.8155,1.0168,89.3959,151,1.51,0.0117,1,0,normal,0
0:50:25,0.3747,20.858,1.0075,89.3417,151,1.51,-0.0044,1,0,normal,0
0:50:26,0.3863,20.8852,1.0107,89.8734,151,1.51,0.0009,1,0,normal,0
0:50:27,0.3909,20.7117,1.0142,89.7804,148,1.48,0.0112,1,0,normal,0
0:50:28,0.3724,20.6447,1.0048,89.9574,149,1.49,0.0007,1,0,normal,0
0:50:29,0.365,20.5694,1.0036,90.0063,144,1.44,0.0045,1,0,normal,0
0:50:30,0.3402,20.3606,1.0094,90.5139,145,1.45,0.0087,1,0,normal,0
0:50:31,0.3427,20.481,0.9939,89.4572,143,1.43,-0.0033,1,0,normal,0
0:50:32,0.3415,20.5365,0.987,88.9647,144,1.44,0.004,1,0,normal,0
0:50:33,0.3482,20.4513,0.9776,88.8828,145,1.45,-0.0026,1,0,normal,0
0:50:34,0.3703,20.5622,0.9839,89.5841,145,1.45,0.0109,1,0,normal,0
0:50:35,0.37,20.6143,0.9812,89.3842,144,1.44,0.0139,1,0,normal,0
0:50:36,0.3506,20.5966,0.9855,89.2233,146,1.46,0.008,1,0,normal,0
0:50:37,0.3265,20.376,0.9798,89.2492,147,1.47,0.0076,1,0,normal,0
0:50:38,0.3487,20.427,0.9742,89.092,148,1.48,-0.0473,1,0,normal,0
0:50:39,0.3751,20.2891,0.9946,88.846,148,1.48,0.0181,1,0,normal,0
0:50:40,0.3328,20.2129,0.9809,89.6883,147,1.47,-0.001,1,0,normal,0
0:50:41,0.3967,20.2697,0.9869,88.9426,146,1.46,0.0129,1,0,normal,0
0:50:42,0.3649,20.196,0.9969,89.203,145,1.45,0.0157,1,0,normal,0
0:50:43,0.3822,20.3925,0.9869,89.1342,146,1.46,-0.0029,1,0,normal,0
0:50:44,0.3746,20.2619,0.9833,89.3795,146,1.46,0.0049,1,0,normal,0
0:50:45,0.3772,20.2694,0.9906,89.9371,148,1.48,0.0142,1,0,normal,0
0:50:46,0.3811,20.562,1.0047,89.598,150,1.5,0.0202,1,0,normal,0
0:50:47,0.3548,20.6705,1.0014,88.7883,153,1.53,0.0002,1,0,normal,0
0:50:48,0.3716,20.5895,0.9986,88.6134,151,1.51,0.0084,1,0,normal,0
0:50:49,0.3987,20.6368,1.0081,89.5728,153,1.53,0.0127,1,0,normal,0
0:50:50,0.3573,20.8037,0.9869,90.0071,153,1.53,-0.0066,1,0,normal,0
0:50:51,0.3627,20.8997,0.9874,89.8649,154,1.54,-0.1621,1,0,normal,0
0:50:52,0.3535,20.8109,0.9874,89.8418,154,1.54,,1,0,normal,0
0:50:53,0.3434,20.6426,0.9741,88.6489,153,1.53,-0.0055,1,0,normal,0
0:50:54,0.3348,20.6548,0.9835,88.6688,151,1.51,0.0185,1,0,normal,0
0:50:55,0.3475,20.5292,0.9769,89.1792,151,1.51,0.0049,1,0,normal,0
0:50:56,0.3568,20.2565,0.9698,88.8319,149,1.49,0.0046,1,0,normal,0
0:50:57,0.3362,20.2987,0.9676,89.6534,148,1.48,0.0126,1,0,normal,0
0:50:58,0.3435,20.3383,0.9681,89.7215,147,1.47,0.0089,1,0,normal,0
0:50:59,0.316,20.3736,0.9653,89.5465,146,1.46,0.0173,1,0,normal,0
0:51:00,0.3219,20.2879,0.9741,89.0269,147,1.47,0.0205,1,0,normal,0
0:51:01,0.3172,20.3359,0.9577,89.7733,146,1.46,-0.0065,1,0,normal,0
0:51:02,0.314,20.3184,0.9595,90.0311,148,1.48,0.0071,1,0,normal,0
0:51:03,0.3129,20.323,0.9754,89.079,152,1.52,0.0154,1,0,normal,0
0:51:04,0.3306,20.4004,0.9696,88.8531,153,1.53,0.0002,1,0,normal,0
0:51:05,0.3204,20.5484,0.9692,89.098,155,1.55,-0.0034,1,0,normal,0
0:51:06,0.3451,20.5773,0.974,89.1841,153,1.53,0.0036,1,0,normal,0
0:51:07,0.3173,20.4208,0.9941,89.8835,152,1.52,0.0187,1,0,normal,0
0:51:08,0.3137,20.5837,1.0027,89.3569,152,1.52,0.0115,1,0,normal,0
0:51:09,0.3451,20.5357,0.9925,88.6996,149,1.49,0.0003,1,0,normal,0
0:51:10,0.3402,20.3449,0.975,88.5476,150,1.5,-0.0085,1,0,normal,0
0:51:11,0.3468,20.3452,0.9756,88.9337,150,1.5,-0.0025,1,0,normal,0
0:51:12,0.3526,20.4213,0.9838,88.623,151,1.51,0.0122,1,0,normal,0
0:51:13,0.3483,20.3814,0.9911,89.1943,152,1.52,0.0088,1,0,normal,0
0:51:14,0.3566,20.5568,1.0024,90.063,154,1.54,0.0178,1,0,normal,0
0:51:15,0.3384,20.8786,0.988,89.9902,154,1.54,-0.0142,1,0,normal,0
0:51:16,0.3424,21.1267,0.9817,89.1871,157,1.57,-0.0078,1,0,normal,0
0:51:17,0.3099,21.3751,0.9941,89.3492,162,1.62,0.0083,1,0,normal,0
0:51:18,0.3368,21.3611,1.0028,89.82,158,1.58,-0.1192,1,0,normal,0
0:51:19,0.3197,21.261,1.0022,89.4642,155,1.55,0.0081,1,0,normal,0
0:51:20,0.3402,21.2527,1.0029,89.7457,156,1.56,-0.005,1,0,normal,0
0:51:21,0.3247,21.1852,1.0111,89.8934,154,1.54,-0.0028,1,0,normal,0
0:51:22,0.3115,20.9243,1.0095,89.2001,151,1.51,-0.0047,1,0,normal,0
0:51:23,0.3316,20.9602,1.0237,88.4218,153,1.53,0.0002,1,0,normal,0
0:51:24,0.3256,20.8083,1.0333,89.4344,148,1.48,0.0287,1,0,normal,0
0:51:25,0.3172,20.6389,1.041,89.6216,145,1.45,0.0231,1,0,normal,0
0:51:26,0.319,20.7371,1.0501,88.6424,144,1.44,0.0178,1,0,normal,0
0:51:27,0.3301,20.6186,1.0337,88.8317,142,1.42,-0.0116,1,0,normal,0
0:51:28,0.3482,20.5482,1.0398,89.1217,143,1.43,0.0111,1,0,normal,0
0:51:29,0.3498,20.2146,1.0618,89.3848,142,1.42,0.033,1,0,normal,0
0:51:30,0.3351,20.3674,1.0547,88.9894,142,1.42,-0.0036,1,0,normal,0
0:51:31,0.3531,20.4319,1.0277,88.8745,141,1.41,-0.0175,1,0,normal,0
0:51:32,0.3478,20.5152,1.0382,89.8161,142,1.42,0.0138,1,0,normal,0
0:51:33,0.3712,20.6075,1.0484,89.6222,145,1.45,0.0076,1,0,normal,0
0:51:34,0.3376,20.77,1.0405,89.1913,143,1.43,-0.0022,1,0,normal,0
0:51:35,0.312,20.7847,1.0311,88.8347,145,1.45,-0.0035,1,0,normal,0
0:51:36,0.3168,20.8511,1.0306,89.0101,144,1.44,0.0052,1,0,normal,0
0:51:37,0.3351,20.5759,1.0314,89.0132,142,1.42,0.0116,1,0,normal,0
0:51:38,0.32,20.6282,1.0115,89.3911,141,1.41,-0.0072,1,0,normal,0
0:51:39,0.3626,20.6691,1.0018,88.808,140,1.4,-0.0041,1,0,normal,0
0:51:40,0.3468,20.628,1.0105,88.6971,138,1.38,0.0163,1,0,normal,0
0:51:41,0.3726,20.5126,1.0122,88.7178,139,1.39,0.0145,1,0,normal,0
0:51:42,0.35,20.4822,1.0091,89.5161,141,1.41,0.0033,1,0,normal,0
0:51:43,0.3769,20.4002,1.02,88.8776,142,1.42,0.0165,1,0,normal,0
0:51:44,0.3698,20.614,1.0325,89.1692,141,1.41,0.0139,1,0,normal,0
0:51:45,0.3591,20.6985,1.0155,88.817,144,1.44,-0.0126,1,0,normal,0
0:51:46,0.3467,20.9104,1.0161,89.7716,147,1.47,-0.0044,1,0,normal,0
0:51:47,0.3552,20.7877,1.0122,89.8316,147,1.47,-0.0019,1,0,normal,0
0:51:48,0.3573,20.8075,1.0288,89.5162,147,1.47,-0.0345,1,0,normal,0
0:51:49,0.3563,20.5662,1.051,89.1342,143,1.43,0.0102,1,0,normal,0
0:51:50,0.3802,20.4419,1.0716,89.5363,141,1.41,-0.0156,1,0,normal,0
0:51:51,0.3543,20.3924,1.083,89.68,140,1.4,0.0278,1,0,normal,0
0:51:52,0.3439,20.5381,1.0618,89.8317,136,1.36,-0.0051,1,0,normal,0
0:51:53,0.3417,20.4594,1.0501,89.4829,137,1.37,0.0035,1,0,normal,0
0:51:54,0.3274,20.8062,1.0576,89.2061,138,1.38,0.0144,1,0,normal,0
0:51:55,0.3608,20.6661,1.0571,89.1794,138,1.38,0.0082,1,0,normal,0
0:51:56,0.3882,20.8089,1.0456,89.6419,138,1.38,-0.0005,1,0,normal,0
0:51:57,0.3534,20.8113,1.0478,90.1796,140,1.4,-0.0388,1,0,normal,0
0:51:58,0.3441,20.8725,1.0228,89.6857,139,1.39,-0.01,1,0,normal,0
0:51:59,0.324,20.7824,1.0273,89.1039,138,1.38,0.0135,1,0,normal,0
0:52:00,0.3312,20.7498,1.0124,88.5991,138,1.38,0.002,1,0,normal,0
0:52:01,0.301,20.6465,1.0195,89.517,139,1.39,0.012,1,0,normal,0
0:52:02,0.3138,20.6143,1.0063,89.1519,141,1.41,-0.0017,1,0,normal,0
0:52:03,0.3284,20.5635,1.0122,89.071,139,1.39,0.0169,1,0,normal,0
0:52:04,0.3297,20.4358,1.024,88.8644,136,1.36,0.0196,1,0,normal,0
0:52:05,0.3392,20.2007,1.0106,89.2838,130,1.3,0.0055,1,0,normal,0
0:52:06,0.3341,20.1914,1.0067,89.1183,133,1.33,0.0031,1,0,normal,0
0:52:07,0.2995,20.0834,1.0019,89.6056,131,1.31,0.0023,1,0,normal,0
0:52:08,0.3233,20.1352,1.0016,89.0511,135,1.35,0.002,1,0,normal,0
0:52:09,0.3447,19.8905,1.0012,88.2377,135,1.35,0.0085,1,0,normal,0
0:52:10,0.3315,19.8782,1.0003,88.6544,134,1.34,-0.0037,1,0,normal,0
0:52:11,0.3379,19.8932,0.9929,88.8306,137,1.37,-0.0058,1,0,normal,0
0:52:12,0.3556,20.1212,0.9986,89.4494,139,1.39,0.0011,1,0,normal,0
0:52:13,0.3623,20.0693,0.9806,89.9698,139,1.39,-0.0079,1,0,normal,0
0:52:14,0.3559,20.0309,0.9867,89.4212,141,1.41,0.0063,1,0,normal,0
0:52:15,0.3757,20.2145,0.9916,88.9184,142,1.42,0.0105,1,0,normal,0
0:52:16,0.3735,20.3424,0.9892,88.8846,144,1.44,0.0034,1,0,normal,0
0:52:17,0.3581,20.4811,0.9797,89.5995,146,1.46,-0.0029,1,0,normal,0
0:52:18,0.3684,20.5629,0.9881,89.0675,153,1.53,0.0107,1,0,normal,0
0:52:19,0.3624,20.7775,0.9741,89.2694,150,1.5,-0.005,1,0,normal,0
0:52:20,0.3593,20.9802,0.9849,89.6376,153,1.53,0.018,1,0,normal,0
0:52:21,0.374,20.8116,0.9927,89.2398,152,1.52,0.0119,1,0,normal,0
0:52:22,0.3673,20.7531,0.9837,89.4049,149,1.49,0.0058,1,0,normal,0
0:52:23,0.3641,20.7567,0.9794,89.7743,145,1.45,0.0102,1,0,normal,0
0:52:24,0.3378,20.8127,0.9898,89.9256,146,1.46,0.0186,1,0,normal,0
0:52:25,0.315,20.6584,0.9832,89.0587,146,1.46,0.0011,1,0,normal,0
0:52:26,0.3298,20.6351,0.968,88.7983,146,1.46,-0.0016,1,0,normal,0
0:52:27,0.3247,20.676,0.9712,88.721,147,1.47,-0.188,1,0,normal,0
0:52:28,0.3144,20.5891,0.9753,89.3464,146,1.46,0.0017,1,0,normal,0
0:52:29,0.3359,20.5178,0.9977,89.3259,147,1.47,0.011,1,0,normal,0
0:52:30,0.3408,20.6577,1.0007,89.5181,147,1.47,0.0029,1,0,normal,0
0:52:31,0.3264,20.6716,0.9989,89.9347,149,1.49,-0.0035,1,0,normal,0
0:52:32,0.3128,20.7496,0.9842,89.4704,148,1.48,-0.0072,1,0,normal,0
0:52:33,0.3283,20.9563,0.9847,89.3437,149,1.49,-0.0074,1,0,normal,0
0:52:34,0.3333,20.9022,0.993,89.5906,148,1.48,,1,0,normal,0
0:52:35,0.3128,20.8315,0.9909,89.9006,151,1.51,0.0093,1,0,normal,0
0:52:36,0.31,20.7643,0.9826,89.5305,146,1.46,0.0005,1,0,normal,0
0:52:37,0.3113,20.5475,0.9963,88.3869,147,1.47,0.0202,1,0,normal,0
0:52:38,0.3508,20.4659,0.9828,89.0083,148,1.48,-0.0059,1,0,normal,0
0:52:39,0.3413,20.384,1.0025,89.4731,145,1.45,0.0218,1,0,normal,0
0:52:40,0.3206,20.3615,0.9944,89.2426,141,1.41,0.0026,1,0,normal,0
0:52:41,0.3343,20.1288,0.9952,89.7663,144,1.44,0.0081,1,0,normal,0
0:52:42,0.3436,20.3125,0.9898,89.3578,145,1.45,0.0002,1,0,normal,0
0:52:43,0.3564,20.5797,0.9936,88.9406,145,1.45,0.0058,1,0,normal,0
0:52:44,0.3319,20.6458,0.9936,89.7539,146,1.46,0.0035,1,0,normal,0
0:52:45,0.3085,20.5638,0.9724,89.6833,147,1.47,-0.0081,1,0,normal,0
0:52:46,0.3273,20.4115,0.9875,88.6726,145,1.45,0.0208,1,0,normal,0
0:52:47,0.3376,20.3994,0.994,88.971,145,1.45,0.0155,1,0,normal,0
0:52:48,0.3382,20.4501,0.9806,89.1149,144,1.44,-0.0002,1,0,normal,0
0:52:49,0.3754,20.4394,0.9924,89.4175,146,1.46,0.0202,1,0,normal,0
0:52:50,0.3789,20.631,0.9844,89.5963,145,1.45,0.0026,1,0,normal,0
0:52:51,0.3785,20.621,0.9821,88.6671,145,1.45,0.0079,1,0,normal,0
0:52:52,0.3752,20.7389,0.9817,88.1275,145,1.45,-0.0009,1,0,normal,0
0:52:53,0.3751,20.5859,0.9802,88.2545,147,1.47,0.0093,1,0,normal,0
0:52:54,0.387,20.5622,0.9782,89.3611,143,1.43,0.0117,1,0,normal,0
0:52:55,0.3595,20.5392,0.9781,90.4783,147,1.47,0.0016,1,0,normal,0
0:52:56,0.3542,20.4535,1.0038,89.7292,146,1.46,0.0202,1,0,normal,0
0:52:57,0.3501,20.2251,1.0062,89.4259,143,1.43,0.017,1,0,normal,0
0:52:58,0.3586,20.332,0.9831,89.5406,143,1.43,-0.0118,1,0,normal,0
0:52:59,0.3376,20.2887,0.9764,90.1113,143,1.43,-0.0017,1,0,normal,0
0:53:00,0.359,20.2457,0.9863,88.9638,141,1.41,0.0226,1,0,normal,0
0:53:01,0.37,20.3,0.9916,89.2653,144,1.44,0.0128,1,0,normal,0
0:53:02,0.3585,20.4928,0.9835,89.7129,145,1.45,0.0002,1,0,normal,0
0:53:03,0.3397,20.5608,0.9837,89.7079,148,1.48,0.0038,1,0,normal,0
0:53:04,0.3503,20.6985,0.9942,89.1997,150,1.5,0.0076,1,0,normal,0
0:53:05,0.343,20.5791,0.9975,88.634,150,1.5,0.005,1,0,normal,0
0:53:06,0.35,20.7118,0.9779,88.4028,148,1.48,-0.0027,1,0,normal,0
0:53:07,0.36,20.8383,0.9725,88.5343,150,1.5,-0.0021,1,0,normal,0
0:53:08,0.3689,20.7815,0.9789,89.2253,151,1.51,0.0077,1,0,normal,0
0:53:09,0.3702,20.9873,0.9738,89.8294,152,1.52,-0.0002,1,0,normal,0
0:53:10,0.3758,21.0155,0.999,90.3213,150,1.5,0.0255,1,0,normal,0
0:53:11,0.3637,20.9114,0.9958,89.9729,146,1.46,0.0075,1,0,normal,0
0:53:12,0.3727,20.709,0.9905,89.4874,145,1.45,0.0112,1,0,normal,0
0:53:13,0.3445,20.8374,0.9981,89.2157,145,1.45,0.0157,1,0,normal,0
0:53:14,0.3432,20.8302,1.001,89.0095,145,1.45,0.008,1,0,normal,0
0:53:15,0.3336,20.6841,0.998,88.9821,145,1.45,0.0008,1,0,normal,0
0:53:16,0.3553,20.819,0.9949,89.0405,145,1.45,0.0038,1,0,normal,0
0:53:17,0.3535,20.7497,0.9948,89.178,148,1.48,-0.0063,1,0,normal,0
0:53:18,0.3489,20.4875,1.0078,89.3692,146,1.46,0.0045,1,0,normal,0
0:53:19,0.3474,20.4194,1.0101,89.9184,145,1.45,0.0004,1,0,normal,0
0:53:20,0.3176,20.543,1.0076,89.9167,143,1.43,-0.0038,1,0,normal,0
0:53:21,0.3165,20.4113,1.0142,89.2269,143,1.43,-0.0001,1,0,normal,0
0:53:22,0.3112,20.5552,1.0164,88.9595,143,1.43,0.0011,1,0,normal,0
0:53:23,0.3313,20.3511,1.0164,88.8389,140,1.4,0.0035,1,0,normal,0
0:53:24,0.3236,20.4245,1.0207,89.5139,143,1.43,0.0003,1,0,normal,0
0:53:25,0.3176,20.6326,1.013,89.805,142,1.42,-0.0044,1,0,normal,0
0:53:26,0.3328,20.6288,1.0013,88.7783,144,1.44,-0.019,1,0,normal,0
0:53:27,0.3354,20.6976,1.0125,89.1188,145,1.45,0.007,1,0,normal,0
0:53:28,0.3457,20.6417,1.0153,89.1429,146,1.46,0.0021,1,0,normal,0
0:53:29,0.3353,20.6523,1.0118,88.6791,146,1.46,-0.0027,1,0,normal,0
0:53:30,0.3442,20.6652,1.0149,88.2874,146,1.46,0.0093,1,0,normal,0
0:53:31,0.3349,20.7573,1.0212,88.4764,147,1.47,0.0052,1,0,normal,0
0:53:32,0.35,20.8574,1.0379,89.443,146,1.46,0.0204,1,0,normal,0
0:53:33,0.3457,20.6193,1.0381,89.7431,144,1.44,0.0088,1,0,normal,0
0:53:34,0.3447,20.57,1.038,89.4089,145,1.45,-0.1558,1,0,normal,0
0:53:35,0.3694,20.7312,1.0403,89.412,141,1.41,0.0044,1,0,normal,0
0:53:36,0.3683,20.6932,1.0504,89.2736,142,1.42,0.0129,1,0,normal,0
0:53:37,0.3568,20.86,1.0535,89.719,146,1.46,-0.0036,1,0,normal,0
0:53:38,0.3543,20.9673,1.042,89.8667,145,1.45,-0.0081,1,0,normal,0
0:53:39,0.3387,20.9209,1.0372,89.1142,144,1.44,-0.0097,1,0,normal,0
0:53:40,0.3315,20.9445,1.0459,88.0419,142,1.42,0.0086,1,0,normal,0
0:53:41,0.366,20.8874,1.0545,88.8001,141,1.41,0.0121,1,0,normal,0
0:53:42,0.3578,20.6285,1.0495,89.6232,141,1.41,0.0036,1,0,normal,0
0:53:43,0.3745,20.9171,1.0455,89.7221,143,1.43,-0.0105,1,0,normal,0
0:53:44,0.3914,20.7258,1.0428,89.2377,142,1.42,0.0007,1,0,normal,0
0:53:45,0.3939,20.8169,1.0466,89.3781,141,1.41,0.0031,1,0,normal,0
0:53:46,0.3745,20.6893,1.0467,89.2667,141,1.41,-0.0011,1,0,normal,0
0:53:47,0.3905,20.6929,1.0559,89.4151,141,1.41,,1,0,normal,0
0:53:48,0.361,20.6202,1.0478,90.0643,140,1.4,0.0073,1,0,normal,0
0:53:49,0.3408,20.6751,1.0285,90.1116,139,1.39,-0.006,1,0,normal,0
0:53:50,0.332,20.5781,1.0326,89.4681,138,1.38,0.018,1,0,normal,0
0:53:51,0.3516,20.5638,1.0387,89.2619,140,1.4,0.011,1,0,normal,0
0:53:52,0.3476,20.3953,1.0206,89.7122,138,1.38,-0.0145,1,0,normal,0
0:53:53,0.2983,20.3615,1.029,89.7987,140,1.4,0.0185,1,0,normal,0
0:53:54,0.318,20.1732,1.0319,88.9187,138,1.38,0.016,1,0,normal,0
0:53:55,0.3321,19.9661,1.0223,88.3691,134,1.34,0.0098,1,0,normal,0
0:53:56,0.3199,20.074,1.0302,88.3954,138,1.38,0.0116,1,0,normal,0
0:53:57,0.3087,20.0944,1.0102,88.8139,137,1.37,-0.0052,1,0,normal,0
0:53:58,0.3491,20.1158,0.993,88.7966,138,1.38,-0.0037,1,0,normal,0
0:53:59,0.3703,20.4159,0.9867,88.6504,139,1.39,0.0016,1,0,normal,0
0:54:00,0.3596,20.3092,1.0054,89.0986,140,1.4,0.0219,1,0,normal,0
0:54:01,0.3635,20.4116,0.999,89.118,140,1.4,0.0042,1,0,normal,0
0:54:02,0.3591,20.3718,0.9969,89.2535,142,1.42,0.0063,1,0,normal,0
0:54:03,0.3751,20.2075,1.0138,89.1983,142,1.42,0.0213,1,0,normal,0
0:54:04,0.3589,20.3922,1.0119,89.0606,141,1.41,0.004,1,0,normal,0
0:54:05,0.3854,20.3754,1.0086,89.1459,143,1.43,0.0022,1,0,normal,0
0:54:06,0.3846,20.5605,0.9934,89.5276,144,1.44,-0.0041,1,0,normal,0
0:54:07,0.365,20.5923,0.9867,89.9902,143,1.43,0.0031,1,0,normal,0
0:54:08,0.3789,20.5575,0.985,90.065,143,1.43,0.0075,1,0,normal,0
0:54:09,0.3443,20.6711,0.9895,89.3774,147,1.47,0.0092,1,0,normal,0
0:54:10,0.3522,20.604,0.9852,88.6483,148,1.48,0.0001,1,0,normal,0
0:54:11,0.3731,20.5901,0.9759,89.4285,146,1.46,-0.0029,1,0,normal,0
0:54:12,0.3541,20.5767,0.9863,89.767,148,1.48,0.0182,1,0,normal,0
0:54:13,0.3451,20.6473,1.0,89.727,147,1.47,0.0181,1,0,normal,0
0:54:14,0.3356,20.519,0.9954,89.4764,147,1.47,0.0013,1,0,normal,0
0:54:15,0.3436,20.5619,0.9654,89.4036,144,1.44,-0.0153,1,0,normal,0
0:54:16,0.3315,20.6624,0.9717,89.6451,146,1.46,0.0062,1,0,normal,0
0:54:17,0.3428,20.5656,0.9686,89.3513,145,1.45,0.0061,1,0,normal,0
0:54:18,0.3336,20.3932,0.9658,89.533,145,1.45,-0.0023,1,0,normal,0
0:54:19,0.321,20.4254,0.9797,88.6145,146,1.46,0.0115,1,0,normal,0
0:54:20,0.3356,20.6041,0.987,88.9092,147,1.47,0.0173,1,0,normal,0
0:54:21,0.3226,20.3319,0.9989,89.3947,147,1.47,0.012,1,0,normal,0
0:54:22,0.3461,20.2641,1.007,89.2317,146,1.46,0.0056,1,0,normal,0
0:54:23,0.3614,20.5445,1.0063,89.5441,146,1.46,0.0029,1,0,normal,0
0:54:24,0.3076,20.4332,1.0072,88.9538,148,1.48,-0.0056,1,0,normal,0
0:54:25,0.3328,20.5823,1.0001,88.5793,148,1.48,-0.0062,1,0,normal,0
0:54:26,0.3235,20.5365,1.0088,88.05,149,1.49,-0.0011,1,0,normal,0
0:54:27,0.3507,20.4833,0.9916,88.0191,148,1.48,-0.0048,1,0,normal,0
0:54:28,0.3626,20.6382,0.9954,88.508,148,1.48,-0.0004,1,0,normal,0
0:54:29,0.3636,21.0539,0.99,89.3268,148,1.48,-0.0071,1,0,normal,0
0:54:30,0.3648,21.0673,0.9985,89.785,146,1.46,0.0132,1,0,normal,0
0:54:31,0.3589,20.8736,1.0126,90.4209,147,1.47,0.0129,1,0,normal,0
0:54:32,0.3471,20.8851,1.0106,89.3062,149,1.49,-0.0043,1,0,normal,0
0:54:33,0.3582,21.171,1.0114,88.8722,149,1.49,0.0031,1,0,normal,0
0:54:34,0.3518,20.9969,0.9991,89.3721,146,1.46,-0.0085,1,0,normal,0
0:54:35,0.3262,20.9945,0.9848,89.2257,148,1.48,-0.0161,1,0,normal,0
0:54:36,0.3535,20.9995,1.0035,88.4041,146,1.46,0.0123,1,0,normal,0
0:54:37,0.3548,20.7931,1.002,88.697,141,1.41,0.0067,1,0,normal,0
0:54:38,0.3549,20.7002,1.011,89.6588,142,1.42,0.0087,1,0,normal,0
0:54:39,0.3467,20.7338,0.9918,89.878,141,1.41,-0.0122,1,0,normal,0
0:54:40,0.3349,20.5633,0.9998,89.3772,141,1.41,,1,0,normal,0
0:54:41,0.3318,20.6041,1.0223,88.9792,142,1.42,0.0212,1,0,normal,0
0:54:42,0.3431,20.3755,1.0363,89.1585,139,1.39,0.0195,1,0,normal,0
0:54:43,0.3212,20.2798,1.0222,88.9831,140,1.4,-0.008,1,0,normal,0
0:54:44,0.3307,20.0996,1.0329,89.1029,138,1.38,0.0166,1,0,normal,0
0:54:45,0.3361,20.1421,1.0237,89.2283,139,1.39,0.0,1,0,normal,0
0:54:46,0.3385,20.2029,1.0313,89.5659,142,1.42,0.0112,1,0,normal,0
0:54:47,0.3651,20.2701,1.0213,89.696,141,1.41,-0.0053,1,0,normal,0
0:54:48,0.3591,20.2801,1.024,89.5327,143,1.43,-0.0051,1,0,normal,0
0:54:49,0.3605,20.5099,1.0461,89.0264,144,1.44,0.0176,1,0,normal,0
0:54:50,0.3611,20.6198,1.0536,88.9679,145,1.45,0.0095,1,0,normal,0
0:54:51,0.3642,20.6622,1.034,89.5783,145,1.45,-0.0075,1,0,normal,0
0:54:52,0.3601,20.8468,1.0461,89.4173,149,1.49,0.0084,1,0,normal,0
0:54:53,0.3755,20.8467,1.0588,88.8861,148,1.48,0.0074,1,0,normal,0
0:54:54,0.3407,20.8441,1.0585,89.0584,147,1.47,0.0055,1,0,normal,0
0:54:55,0.3573,21.0415,1.0505,89.5221,145,1.45,0.0012,1,0,normal,0
0:54:56,0.3538,21.162,1.0579,89.1721,146,1.46,0.0082,1,0,normal,0
0:54:57,0.379,21.2094,1.049,88.9513,144,1.44,-0.0031,1,0,normal,0
0:54:58,0.3714,21.17,1.0466,89.1667,143,1.43,0.0021,1,0,normal,0
0:54:59,0.3666,21.1197,1.0695,88.9356,144,1.44,0.0244,1,0,normal,0
0:55:00,0.3642,21.0965,1.0729,89.5737,139,1.39,0.0114,1,0,normal,0
0:55:01,0.3369,20.9016,1.0724,89.5391,138,1.38,0.0085,1,0,normal,0
0:55:02,0.3568,20.7566,1.0658,89.1783,134,1.34,0.0064,1,0,normal,0
0:55:03,0.3699,20.5748,1.0455,89.2649,136,1.36,0.0019,1,0,normal,0
0:55:04,0.3832,20.4656,1.0444,89.5664,137,1.37,0.0078,1,0,normal,0
0:55:05,0.3814,20.2706,1.0396,90.0543,135,1.35,0.0113,1,0,normal,0
0:55:06,0.3411,20.2973,1.051,90.6465,134,1.34,0.0178,1,0,normal,0
0:55:07,0.3702,20.3243,1.0492,89.8572,133,1.33,0.001,1,0,normal,0
0:55:08,0.3688,20.225,1.0543,89.3119,136,1.36,0.0069,1,0,normal,0
0:55:09,0.3675,20.1165,1.038,89.7526,135,1.35,-0.0088,1,0,normal,0
0:55:10,0.3395,20.4548,1.0406,89.3559,136,1.36,-0.0011,1,0,normal,0
0:55:11,0.3405,20.5735,1.0349,89.1328,136,1.36,-0.0121,1,0,normal,0
0:55:12,0.3163,20.5358,1.034,89.7415,136,1.36,0.0036,1,0,normal,0
0:55:13,0.3218,20.2866,1.0431,89.2022,135,1.35,0.0044,1,0,normal,0
0:55:14,0.3265,20.4694,1.0283,88.7688,138,1.38,-0.0166,1,0,normal,0
0:55:15,0.3496,20.3607,1.0372,89.2805,137,1.37,0.0105,1,0,normal,0
0:55:16,0.3583,20.3479,1.0468,90.0423,137,1.37,0.0129,1,0,normal,0
0:55:17,0.353,20.55,1.0451,90.2241,136,1.36,-0.0017,1,0,normal,0
0:55:18,0.3133,20.4655,1.0337,89.5698,139,1.39,-0.0028,1,0,normal,0
0:55:19,0.3285,20.6168,1.0355,88.5026,143,1.43,-0.0004,1,0,normal,0
0:55:20,0.3487,20.8265,1.0425,88.4084,142,1.42,0.0022,1,0,normal,0
0:55:21,0.3382,20.4793,1.0397,88.957,139,1.39,0.0172,1,0,normal,0
0:55:22,0.3513,20.6969,1.0559,89.2437,140,1.4,0.0218,1,0,normal,0
0:55:23,0.3466,20.5858,1.0664,89.4976,140,1.4,0.0201,1,0,normal,0
0:55:24,0.3621,20.6876,1.0628,88.6901,141,1.41,0.0048,1,0,normal,0
0:55:25,0.3769,20.8573,1.059,88.7411,141,1.41,0.0023,1,0,normal,0
0:55:26,0.3654,21.0268,1.0597,89.8658,141,1.41,0.0069,1,0,normal,0
0:55:27,0.3358,20.9817,1.061,90.6981,140,1.4,-0.1426,1,0,normal,0
0:55:28,0.3391,20.927,1.0673,89.9505,141,1.41,0.006,1,0,normal,0
0:55:29,0.3289,20.7987,1.0482,88.7502,139,1.39,-0.0088,1,0,normal,0
0:55:30,0.3457,20.9419,1.0633,88.8673,139,1.39,0.0112,1,0,normal,0
0:55:31,0.367,20.5835,1.0541,88.8322,138,1.38,-0.0021,1,0,normal,0
0:55:32,0.3967,20.7169,1.0533,88.5263,136,1.36,0.0096,1,0,normal,0
0:55:33,0.3692,20.7067,1.0555,89.1854,138,1.38,-0.0044,1,0,normal,0
0:55:34,0.3648,20.7729,1.0587,89.4107,137,1.37,,1,0,normal,0
0:55:35,0.3751,20.5468,1.0547,88.7848,136,1.36,0.0144,1,0,normal,0
0:55:36,0.394,20.3168,1.0608,89.1643,137,1.37,0.0112,1,0,normal,0
0:55:37,0.3939,20.2878,1.0393,89.7853,135,1.35,-0.0119,1,0,normal,0
0:55:38,0.3579,20.3223,1.0278,89.7885,138,1.38,-0.0025,1,0,normal,0
0:55:39,0.3404,20.1909,1.0165,89.6481,137,1.37,-0.013,1,0,normal,0
0:55:40,0.3515,20.1103,1.0051,89.7425,135,1.35,0.0035,1,0,normal,0
0:55:41,0.3276,20.3446,1.0181,89.9936,135,1.35,0.0176,1,0,normal,0
0:55:42,0.3427,20.4579,1.0282,89.9269,139,1.39,0.0061,1,0,normal,0
0:55:43,0.3361,20.4892,1.0286,89.1548,136,1.36,0.0065,1,0,normal,0
0:55:44,0.3317,20.3056,1.0297,88.952,136,1.36,0.0115,1,0,normal,0
0:55:45,0.3387,20.4947,1.0289,88.9554,139,1.39,0.0099,1,0,normal,0
0:55:46,0.3194,20.6904,1.0224,88.7686,140,1.4,0.0071,1,0,normal,0
0:55:47,0.3291,20.9568,1.0154,89.1523,142,1.42,-0.0062,1,0,normal,0
0:55:48,0.3541,20.8039,1.0159,89.309,142,1.42,0.0001,1,0,normal,0
0:55:49,0.3476,20.7799,1.0091,88.763,142,1.42,-0.0025,1,0,normal,0
0:55:50,0.3669,20.4751,1.0104,88.5867,142,1.42,0.0065,1,0,normal,0
0:55:51,0.3549,20.5224,1.0059,88.2935,141,1.41,0.009,1,0,normal,0
0:55:52,0.3787,20.6483,0.9966,89.0121,143,1.43,-0.0077,1,0,normal,0
0:55:53,0.3722,20.8414,1.0011,89.7911,144,1.44,0.0063,1,0,normal,0
0:55:54,0.3299,20.9162,1.017,89.0704,143,1.43,0.0216,1,0,normal,0
0:55:55,0.3245,20.7632,1.0211,88.7548,143,1.43,0.0078,1,0,normal,0
0:55:56,0.3312,20.7322,1.0158,89.2879,139,1.39,0.0155,1,0,normal,0
0:55:57,0.3284,20.474,1.0251,89.2285,138,1.38,0.0179,1,0,normal,0
0:55:58,0.3238,20.2858,1.0276,88.7859,138,1.38,0.0166,1,0,normal,0
0:55:59,0.3434,20.2178,1.0111,87.9318,134,1.34,-0.0023,1,0,normal,0
0:56:00,0.3357,20.1491,0.9983,88.5281,136,1.36,0.0048,1,0,normal,0
0:56:01,0.3441,20.2118,0.9933,89.4936,134,1.34,0.0068,1,0,normal,0
0:56:02,0.3387,20.1665,1.001,90.7284,138,1.38,0.0158,1,0,normal,0
0:56:03,0.3424,20.2765,1.0051,90.1829,140,1.4,0.0083,1,0,normal,0
0:56:04,0.3265,20.2295,0.9861,89.225,140,1.4,-0.0092,1,0,normal,0
0:56:05,0.3113,20.2411,0.9766,88.583,139,1.39,0.0025,1,0,normal,0
0:56:06,0.3475,20.1086,0.9662,88.8491,140,1.4,-0.0041,1,0,normal,0
0:56:07,0.3622,20.0556,0.959,89.5073,142,1.42,-0.0017,1,0,normal,0
0:56:08,0.3498,20.3071,0.9734,89.2658,146,1.46,0.0136,1,0,normal,0
0:56:09,0.334,20.4873,0.9579,89.6464,147,1.47,-0.0136,1,0,normal,0
0:56:10,0.3302,20.5892,0.9722,89.4271,147,1.47,0.0119,1,0,normal,0
0:56:11,0.3393,20.6256,0.9566,89.0104,146,1.46,-0.0038,1,0,normal,0
0:56:12,0.3482,20.5933,0.9506,89.1836,146,1.46,-0.0069,1,0,normal,0
0:56:13,0.3401,20.8149,0.9389,89.1292,148,1.48,-0.0131,1,0,normal,0
0:56:14,0.3302,20.6388,0.9427,88.9162,148,1.48,0.0019,1,0,normal,0
0:56:15,0.3568,20.6582,0.9468,89.0403,149,1.49,-0.0022,1,0,normal,0
0:56:16,0.3774,20.4946,0.9515,89.7718,149,1.49,-0.0039,1,0,normal,0
0:56:17,0.3569,20.4661,0.968,90.073,147,1.47,0.0104,1,0,normal,0
0:56:18,0.3477,20.7194,0.9724,89.5197,147,1.47,0.001,1,0,normal,0
0:56:19,0.3577,20.3962,0.9902,89.3967,150,1.5,0.0017,1,0,normal,0
0:56:20,0.3605,20.5268,0.9801,89.4444,148,1.48,-0.0087,1,0,normal,0
0:56:21,0.3717,20.5099,0.9634,89.1777,148,1.48,-0.0055,1,0,normal,0
0:56:22,0.3621,20.6472,0.9891,89.116,150,1.5,0.0168,1,0,normal,0
0:56:23,0.3626,20.7346,0.9908,89.6075,153,1.53,-0.011,1,0,normal,0
0:56:24,0.3857,20.8241,0.9769,89.6586,154,1.54,-0.0174,1,0,normal,0
0:56:25,0.3978,20.9295,1.0128,89.8702,153,1.53,0.0274,1,0,normal,0
0:56:26,0.3594,20.722,1.0301,89.8807,153,1.53,0.0132,1,0,normal,0
0:56:27,0.3874,20.6387,1.0264,90.0782,149,1.49,-0.0079,1,0,normal,0
0:56:28,0.3574,20.7437,1.0319,90.3693,150,1.5,0.0047,1,0,normal,0
0:56:29,0.3444,20.7335,1.0382,89.4829,147,1.47,0.01,1,0,normal,0
0:56:30,0.3358,20.7857,1.0453,88.967,149,1.49,0.0042,1,0,normal,0
0:56:31,0.3532,20.7771,1.0469,89.0684,148,1.48,,1,0,normal,0
0:56:32,0.3398,21.0265,1.0363,89.0117,149,1.49,-0.0053,1,0,normal,0
0:56:33,0.347,21.0617,1.016,88.632,151,1.51,-0.0183,1,0,normal,0
0:56:34,0.3621,21.1695,1.0163,87.9829,146,1.46,0.0021,1,0,normal,0
0:56:35,0.3891,21.0581,1.0395,88.5675,146,1.46,0.031,1,0,normal,0
0:56:36,0.3769,21.0852,1.0459,89.4386,146,1.46,0.0216,1,0,normal,0
0:56:37,0.3704,20.9808,1.0403,89.6325,144,1.44,0.008,1,0,normal,0
0:56:38,0.3891,20.9402,1.0494,90.0563,145,1.45,0.0236,1,0,normal,0
0:56:39,0.378,20.8289,1.0388,90.1297,143,1.43,-0.0043,1,0,normal,0
0:56:40,0.3831,20.8426,1.039,89.7339,141,1.41,0.0028,1,0,normal,0
0:56:41,0.3473,20.8399,1.0281,89.8427,141,1.41,-0.0089,1,0,normal,0
0:56:42,0.3331,20.6716,1.0285,90.5879,139,1.39,0.0063,1,0,normal,0
0:56:43,0.3358,20.641,1.0448,89.8398,137,1.37,0.0236,1,0,normal,0
0:56:44,0.3399,20.5216,1.0269,89.2695,134,1.34,0.0008,1,0,normal,0
0:56:45,0.3492,20.4547,1.0317,88.9256,134,1.34,0.0183,1,0,normal,0
0:56:46,0.3404,20.3237,1.0319,90.0177,133,1.33,0.0168,1,0,normal,0
0:56:47,0.319,20.3344,1.0269,89.5596,134,1.34,0.0034,1,0,normal,0
0:56:48,0.3297,20.4193,1.0318,88.9633,132,1.32,0.0093,1,0,normal,0
0:56:49,0.3401,20.4309,1.0122,88.6777,135,1.35,-0.0055,1,0,normal,0
0:56:50,0.329,20.5333,1.0179,88.9628,137,1.37,0.0123,1,0,normal,0
0:56:51,0.345,20.8654,1.0202,89.3212,140,1.4,0.0025,1,0,normal,0
0:56:52,0.337,20.9122,1.0203,89.404,139,1.39,0.0028,1,0,normal,0
0:56:53,0.3521,20.6577,1.0161,88.6348,136,1.36,0.0059,1,0,normal,0
0:56:54,0.3272,20.5367,1.0263,89.1085,139,1.39,0.0125,1,0,normal,0
0:56:55,0.344,20.3563,1.0301,89.195,139,1.39,0.0109,1,0,normal,0
0:56:56,0.3293,20.2313,1.0135,89.1528,136,1.36,0.0005,1,0,normal,0
0:56:57,0.3177,20.1935,1.0379,88.7415,140,1.4,0.0256,1,0,normal,0
0:56:58,0.3692,20.1414,1.0267,88.5139,136,1.36,0.0096,1,0,normal,0
0:56:59,0.3431,20.3122,1.0167,88.9096,137,1.37,-0.0056,1,0,normal,0
0:57:00,0.3751,20.4791,1.0052,89.1784,138,1.38,-0.0047,1,0,normal,0
0:57:01,0.3593,20.2744,0.9854,89.3417,138,1.38,-0.0119,1,0,normal,0
0:57:02,0.383,20.3492,0.9835,89.3826,138,1.38,0.006,1,0,normal,0
0:57:03,0.3742,20.508,0.9772,89.4653,139,1.39,0.0016,1,0,normal,0
0:57:04,0.3448,20.6651,0.9687,89.517,142,1.42,-0.0046,1,0,normal,0
0:57:05,0.3603,20.5315,0.9703,88.6502,143,1.43,0.005,1,0,normal,0
0:57:06,0.3838,20.4725,0.9631,88.8622,143,1.43,0.005,1,0,normal,0
0:57:07,0.3788,20.3374,0.9663,89.6377,142,1.42,0.0145,1,0,normal,0
0:57:08,0.3815,20.0855,0.9753,89.5612,143,1.43,0.0211,1,0,normal,0
0:57:09,0.3419,20.2588,0.9792,89.3529,146,1.46,0.0041,1,0,normal,0
0:57:10,0.3292,20.0666,0.9801,89.5664,142,1.42,0.0144,1,0,normal,0
0:57:11,0.3331,19.95,0.981,89.7962,143,1.43,0.0164,1,0,normal,0
0:57:12,0.3244,19.9071,0.9779,88.1735,143,1.43,0.0093,1,0,normal,0
0:57:13,0.3477,20.0791,0.9734,88.585,146,1.46,0.0048,1,0,normal,0
0:57:14,0.3289,20.1255,0.9688,88.5421,147,1.47,0.009,1,0,normal,0
0:57:15,0.3163,20.5157,0.9643,89.8787,151,1.51,0.0013,1,0,normal,0
0:57:16,0.3584,20.3991,0.9827,89.7038,151,1.51,0.0166,1,0,normal,0
0:57:17,0.3301,20.2951,0.9829,89.1773,153,1.53,0.0049,1,0,normal,0
0:57:18,0.3416,20.4512,0.9836,88.3857,153,1.53,0.0091,1,0,normal,0
0:57:19,0.3757,20.4149,0.986,89.1691,152,1.52,0.0042,1,0,normal,0
0:57:20,0.3904,20.6436,0.996,89.1329,153,1.53,0.0123,1,0,normal,0
0:57:21,0.3695,20.6162,0.9987,88.4656,154,1.54,0.0155,1,0,normal,0
0:57:22,0.381,20.7235,0.9999,89.0656,151,1.51,-0.0015,1,0,normal,0
0:57:23,0.3787,20.8162,0.9827,89.7251,154,1.54,-0.1894,1,0,normal,0
0:57:24,0.3849,20.8525,0.9906,90.0318,156,1.56,-0.0047,1,0,normal,0
0:57:25,0.3593,20.8969,0.9957,89.8288,154,1.54,0.0054,1,0,normal,0
0:57:26,0.3359,20.9294,0.9885,89.4788,154,1.54,,1,0,normal,0
0:57:27,0.3294,20.9588,0.9864,89.8105,154,1.54,0.0065,1,0,normal,0
0:57:28,0.352,21.0632,0.9922,89.5415,153,1.53,0.0139,1,0,normal,0
0:57:29,0.3591,20.9888,1.0019,89.5459,153,1.53,0.0131,1,0,normal,0
0:57:30,0.3478,21.2192,0.9957,88.8207,154,1.54,-0.0075,1,0,normal,0
0:57:31,0.3965,21.0539,0.9996,89.5778,153,1.53,0.0064,1,0,normal,0
0:57:32,0.381,20.6831,0.9959,88.9985,149,1.49,0.0082,1,0,normal,0
0:57:33,0.3786,20.6274,1.0019,89.2623,148,1.48,0.0061,1,0,normal,0
0:57:34,0.3654,20.6891,0.9932,89.516,147,1.47,0.0029,1,0,normal,0
0:57:35,0.363,20.4877,1.0175,89.2697,144,1.44,0.0279,1,0,normal,0
0:57:36,0.3437,20.2871,1.0164,89.6279,145,1.45,0.0077,1,0,normal,0
0:57:37,0.3556,20.3582,1.0128,89.9096,146,1.46,0.0046,1,0,normal,0
0:57:38,0.3464,20.4238,1.0026,89.7555,143,1.43,0.0011,1,0,normal,0
0:57:39,0.3407,20.5713,0.9999,89.501,147,1.47,-0.0002,1,0,normal,0
0:57:40,0.3218,20.9106,0.9992,89.3708,148,1.48,0.0015,1,0,normal,0
0:57:41,0.3307,20.7859,1.0104,88.5659,144,1.44,0.0202,1,0,normal,0
0:57:42,0.3468,20.7109,1.0105,88.912,145,1.45,0.0189,1,0,normal,0
0:57:43,0.3487,20.5716,1.0044,89.5917,145,1.45,0.0098,1,0,normal,0
0:57:44,0.3507,20.5525,0.9754,90.3679,145,1.45,-0.019,1,0,normal,0
0:57:45,0.3418,20.7343,0.9778,89.6523,146,1.46,0.0015,1,0,normal,0
0:57:46,0.3468,20.7337,0.9866,88.9828,146,1.46,0.0147,1,0,normal,0
0:57:47,0.3446,20.8513,0.9843,88.8186,146,1.46,0.0021,1,0,normal,0
0:57:48,0.3562,20.825,0.9894,89.2833,142,1.42,0.0132,1,0,normal,0
0:57:49,0.3385,20.9212,0.9923,89.6113,138,1.38,0.0121,1,0,normal,0
0:57:50,0.3342,20.9958,0.9857,88.993,134,1.34,0.0051,1,0,normal,0
0:57:51,0.3545,20.9635,0.9878,88.5102,131,1.31,0.0103,1,0,normal,0
0:57:52,0.3739,21.3018,0.9711,89.0615,125,1.25,-0.0038,1,0,normal,0
0:57:53,0.3683,21.5943,0.9647,89.5986,123,1.23,0.0024,1,0,normal,0
0:57:54,0.336,21.6753,0.9773,89.8185,116,1.16,0.0141,1,0,normal,0
0:57:55,0.3595,21.959,0.9773,88.7193,112,1.12,0.0142,1,0,normal,0
0:57:56,0.3579,22.4218,0.9775,87.8926,108,1.08,0.0097,1,0,normal,0
0:57:57,0.3788,22.697,0.9835,89.2251,104,1.04,0.0136,1,0,normal,0
0:57:58,0.331,22.8371,1.0113,89.88,101,1.01,0.0268,1,0,normal,0
0:57:59,0.3317,22.9825,1.0042,89.3147,96,0.96,0.0098,1,0,normal,0
0:58:00,0.3336,23.4001,0.9884,88.3273,92,0.92,0.0089,1,0,normal,0
0:58:01,0.3473,23.2355,0.9912,88.6846,89,0.89,0.0061,1,0,normal,0
0:58:02,0.3551,22.7026,0.9955,89.6885,90,0.9,0.0139,1,0,normal,0
0:58:03,0.3745,22.1467,0.9946,89.7384,86,0.86,0.0141,1,0,normal,0
0:58:04,0.3583,21.9494,1.0036,88.7351,84,0.84,0.0227,1,0,normal,0
0:58:05,0.3589,21.2573,1.0091,88.4107,80,0.8,0.0194,1,0,normal,0
0:58:06,0.3785,21.6164,0.9982,88.2238,75,0.75,0.0024,1,0,normal,0
0:58:07,0.3929,21.2318,1.0087,88.7545,75,0.75,0.0161,1,0,normal,0
0:58:08,0.442,20.9746,1.0235,88.9602,70,0.7,0.0303,1,0,normal,0
0:58:09,0.4471,20.0855,1.0292,89.0018,67,0.67,0.0193,1,0,normal,0
0:58:10,0.4316,19.7321,1.037,89.0152,66,0.66,0.0129,1,0,normal,0
0:58:11,0.4475,20.105,1.0361,89.5779,64,0.64,0.0028,1,0,normal,0
0:58:12,0.4612,20.3168,1.0257,90.0439,63,0.63,-0.002,1,0,normal,0
0:58:13,0.4604,20.5328,1.0383,90.4618,64,0.64,0.0128,1,0,normal,0
0:58:14,0.452,20.6138,1.0433,90.5015,62,0.62,0.0027,1,0,normal,0
0:58:15,0.4221,21.1251,1.0479,90.5083,65,0.65,-0.0028,1,0,normal,0
0:58:16,0.3667,21.2202,1.0573,89.9685,65,0.65,0.0202,1,0,normal,0
0:58:17,0.3902,21.341,1.0846,89.5757,65,0.65,0.0176,1,0,normal,0
0:58:18,0.4208,21.1399,1.0591,89.0859,67,0.67,-0.0179,1,0,normal,0
0:58:19,0.4279,21.3984,1.0357,88.9352,66,0.66,-0.0168,1,0,normal,0
0:58:20,0.4063,21.4807,1.0504,90.3222,66,0.66,0.0125,1,0,normal,0
0:58:21,0.3873,21.1388,1.0628,90.3687,63,0.63,0.0201,1,0,normal,0
0:58:22,0.4175,21.5334,1.0531,89.3205,61,0.61,0.0039,1,0,normal,0
0:58:23,0.4294,21.4007,1.0563,88.8354,64,0.64,0.0018,1,0,normal,0
0:58:24,0.477,21.3264,1.0551,88.7985,63,0.63,0.0047,1,0,normal,0
0:58:25,0.4833,21.0557,1.0415,89.1034,63,0.63,-0.0063,1,0,normal,0
0:58:26,0.4538,20.6317,1.0483,89.6051,62,0.62,0.0215,1,0,normal,0
0:58:27,0.4834,20.5172,1.074,90.4754,63,0.63,0.0172,1,0,normal,0
0:58:28,0.4485,20.5422,1.0801,91.7722,59,0.59,0.0146,1,0,normal,0
0:58:29,0.4533,20.693,1.0832,91.8094,58,0.58,0.0038,1,0,normal,0
0:58:30,0.3959,20.637,1.0621,91.3038,54,0.54,-0.0108,1,0,normal,0
0:58:31,0.4197,20.7181,1.0673,90.6046,51,0.51,0.0032,1,0,normal,0
0:58:32,0.3742,20.7627,1.0594,89.7936,50,0.5,0.0127,1,0,normal,0
0:58:33,0.3607,21.1744,1.0431,89.3893,49,0.49,-0.0033,1,0,normal,0
0:58:34,0.3196,21.1511,1.0203,88.8691,48,0.48,-0.014,1,0,normal,0
0:58:35,0.3816,21.1011,1.0213,88.6825,49,0.49,0.0074,1,0,normal,0
0:58:36,0.3664,20.9026,1.0483,89.1356,53,0.53,0.0319,1,0,normal,0
0:58:37,0.3931,20.7846,1.0471,89.3011,55,0.55,0.0156,1,0,normal,0
0:58:38,0.3444,20.7021,1.0402,88.9676,55,0.55,0.0025,1,0,normal,0
0:58:39,0.322,20.613,1.021,88.2913,57,0.57,-0.0197,1,0,normal,0
0:58:40,0.3211,20.8601,1.0022,88.5129,57,0.57,-0.0092,1,0,normal,0
0:58:41,0.3106,20.7663,1.0001,88.686,55,0.55,0.0052,1,0,normal,0
0:58:42,0.2335,20.8171,1.0025,88.3379,56,0.56,0.0085,1,0,normal,0
0:58:43,0.3517,20.3329,1.0144,87.6957,54,0.54,0.0079,1,0,normal,0
0:58:44,0.3147,20.3612,1.0076,88.3041,53,0.53,-0.0089,1,0,normal,0
0:58:45,0.3037,19.6485,0.9971,88.3648,54,0.54,-0.0124,1,0,normal,0
0:58:46,0.3502,19.4685,0.9966,88.8504,54,0.54,0.012,1,0,normal,0
0:58:47,0.3742,19.2551,1.0053,88.6837,52,0.52,0.0086,1,0,normal,0
0:58:48,0.4102,19.2986,1.0175,88.9949,53,0.53,0.0059,1,0,normal,0
0:58:49,0.3985,19.6925,1.0248,89.0726,52,0.52,0.0079,1,0,normal,0
0:58:50,0.4611,19.8046,1.0324,89.3218,55,0.55,-0.0014,1,0,normal,0
0:58:51,0.439,20.2423,1.0342,89.4652,54,0.54,0.0001,1,0,normal,0
0:58:52,0.4535,21.2523,1.0358,89.2375,54,0.54,0.0016,1,0,normal,0
0:58:53,0.4525,21.3257,1.0251,89.4869,57,0.57,-0.0083,1,0,normal,0
0:58:54,0.4411,21.2546,1.0038,89.0885,59,0.59,-0.0106,1,0,normal,0
0:58:55,0.4194,21.5436,1.0038,89.5394,61,0.61,-0.0031,1,0,normal,0
0:58:56,0.3619,22.1859,1.0054,88.9514,61,0.61,0.0003,1,0,normal,0
0:58:57,0.3347,22.2196,1.0002,88.8554,59,0.59,-0.0047,1,0,normal,0
0:58:58,0.3389,22.1831,1.004,88.2836,59,0.59,0.0011,1,0,normal,0
0:58:59,0.3624,22.039,1.0475,88.1959,56,0.56,0.0375,1,0,normal,0
0:59:00,0.3868,21.6309,1.0396,88.9369,54,0.54,0.0169,1,0,normal,0
0:59:01,0.4357,21.7322,1.0368,88.817,51,0.51,0.0107,1,0,normal,0
0:59:02,0.4511,22.0084,1.0385,89.7361,47,0.47,0.0178,1,0,normal,0
0:59:03,0.4924,21.7108,1.0551,90.758,47,0.47,0.0284,1,0,normal,0
0:59:04,0.4547,20.5954,1.0786,90.8601,49,0.49,0.0346,1,0,normal,0
0:59:05,0.4814,20.3323,1.055,90.7174,47,0.47,-0.0075,1,0,normal,0
0:59:06,0.483,20.2757,1.0255,91.4842,48,0.48,-0.0297,1,0,normal,0
0:59:07,0.5301,20.2118,1.0353,91.0069,49,0.49,-0.008,1,0,normal,0
0:59:08,0.4845,19.7349,1.043,90.5701,48,0.48,0.0079,1,0,normal,0
0:59:09,0.4943,20.0855,1.0611,90.3081,47,0.47,0.0137,1,0,normal,0
0:59:10,0.4095,19.8962,1.0796,91.2864,49,0.49,0.0092,1,0,normal,0
0:59:11,0.4755,20.0922,1.0891,90.0098,49,0.49,0.0069,1,0,normal,0
0:59:12,0.4124,20.297,1.0839,89.8167,47,0.47,0.0046,1,0,normal,0
0:59:13,0.3552,20.9336,1.086,89.8925,49,0.49,-0.0008,1,0,normal,0
0:59:14,0.3586,21.144,1.0558,89.3437,49,0.49,-0.0154,1,0,normal,0
0:59:15,0.3197,21.1264,1.0602,88.8655,50,0.5,0.0021,1,0,normal,0
0:59:16,0.3173,21.1541,1.0677,89.5351,45,0.45,0.0143,1,0,normal,0
0:59:17,0.306,20.8762,1.054,89.8671,45,0.45,0.007,1,0,normal,0
0:59:18,0.386,21.2287,1.0719,90.38,46,0.46,0.0173,1,0,normal,0
0:59:19,0.3163,21.3662,1.0871,89.8515,48,0.48,0.0148,1,0,normal,0
0:59:20,0.3307,21.3488,1.0854,90.2529,47,0.47,-0.0085,1,0,normal,0
0:59:21,0.2884,20.8901,1.0565,91.4065,46,0.46,-0.0073,1,0,normal,0
0:59:22,0.2813,20.4318,1.0691,90.5089,49,0.49,-0.0001,1,0,normal,0
0:59:23,0.3017,19.7994,1.0428,90.0423,49,0.49,-0.0073,1,0,normal,0
0:59:24,0.2659,20.2005,1.0304,90.1022,50,0.5,-0.002,1,0,normal,0
0:59:25,0.2371,20.3751,1.0323,89.2254,50,0.5,0.017,1,0,normal,0
0:59:26,0.176,19.713,1.0631,88.5708,48,0.48,0.0247,1,0,normal,0
0:59:27,0.2274,19.2353,1.0565,88.2253,47,0.47,0.0091,1,0,normal,0
0:59:28,0.2628,19.7021,1.0618,88.9244,50,0.5,0.0011,1,0,normal,0
0:59:29,0.3104,19.7431,1.0616,89.4623,51,0.51,-0.0114,1,0,normal,0
0:59:30,0.3746,19.9757,1.0673,88.6768,51,0.51,-0.0023,1,0,normal,0
0:59:31,0.38,19.7174,1.0609,87.6353,54,0.54,0.0044,1,0,normal,0
0:59:32,0.3939,20.0542,1.0444,88.5889,58,0.58,-0.0132,1,0,normal,0
0:59:33,0.4261,20.0195,1.0346,88.9909,58,0.58,-0.0089,1,0,normal,0
0:59:34,0.4522,20.3137,1.0329,89.6958,58,0.58,-0.0013,1,0,normal,0
0:59:35,0.4203,20.4271,1.0228,89.906,57,0.57,0.0047,1,0,normal,0
0:59:36,0.3592,20.7143,1.026,89.2986,55,0.55,0.0092,1,0,normal,0
0:59:37,0.3577,21.1536,1.0464,89.2066,58,0.58,0.0182,1,0,normal,0
0:59:38,0.4297,20.7732,1.0659,89.3561,56,0.56,0.0276,1,0,normal,0
0:59:39,0.3822,20.7189,1.0696,90.2934,56,0.56,0.0103,1,0,normal,0
0:59:40,0.4093,20.3255,1.0572,89.5817,56,0.56,-0.0032,1,0,normal,0
0:59:41,0.3761,20.6351,1.0398,89.821,58,0.58,-0.0125,1,0,normal,0
0:59:42,0.384,20.5986,1.0374,90.7579,58,0.58,0.0057,1,0,normal,0
0:59:43,0.4064,20.9046,1.0484,91.3112,56,0.56,0.0151,1,0,normal,0
0:59:44,0.3289,20.8293,1.0415,90.9291,56,0.56,-0.0074,1,0,normal,0
0:59:45,0.3227,21.0939,1.0296,89.4757,54,0.54,-0.0069,1,0,normal,0
0:59:46,0.3049,21.1466,1.0229,88.0966,55,0.55,0.0005,1,0,normal,0
0:59:47,0.3459,21.4122,1.0197,87.7159,51,0.51,0.0058,1,0,normal,0
0:59:48,0.316,21.4225,0.9987,88.455,50,0.5,-0.0089,1,0,normal,0
0:59:49,0.3517,21.1753,1.0079,89.3003,50,0.5,0.0061,1,0,normal,0
0:59:50,0.3005,20.2852,1.0022,89.5319,47,0.47,0.0068,1,0,normal,0
0:59:51,0.3266,20.1675,1.0149,89.1633,46,0.46,0.0196,1,0,normal,0
0:59:52,0.3403,20.0449,1.0183,88.9947,45,0.45,0.017,1,0,normal,0
0:59:53,0.3314,20.0922,0.9872,88.7272,43,0.43,-0.0123,1,0,normal,0
0:59:54,0.3317,20.2174,0.9897,89.7828,47,0.47,-0.0032,1,0,normal,0
0:59:55,0.3695,20.5869,1.007,89.2455,50,0.5,0.0101,1,0,normal,0
0:59:56,0.3624,20.7887,1.0288,88.9079,52,0.52,0.012,1,0,normal,0
0:59:57,0.3554,20.6374,1.0215,88.6793,54,0.54,-0.0027,1,0,normal,0
0:59:58,0.3624,20.3596,1.0238,89.6373,57,0.57,-0.0028,1,0,normal,0
0:59:59,0.4019,20.2888,1.0163,89.2185,57,0.57,-0.0127,1,0,normal,0
